Image Caption,Image URL
Ăn chay có thể chống lại ung thư?,https://icdn.dantri.com.vn/zoom/1020_680/filters:quality(0)/2020/12/02/20200425111231067571-nhungluuytruockmax-1800-x-1800-1606898194178.jpg
Phẫu thuật cắt gan- lựa chọn điều trị triệt để ung thư gan,https://icdn.dantri.com.vn/zoom/468_310/filters:quality(0)/2020/12/02/catgan-1606896856728.jpg
Cậu bé quỳ gối bên người mẹ bị ung thư khiến triệu người rơi lệ,https://icdn.dantri.com.vn/zoom/468_310/filters:quality(0)/2020/12/02/cau-be-quy-goi-ben-nguoi-me-bi-ung-thu-khien-trieu-nguoi-roi-le-1-1606898401453.jpg
"Có các dấu hiệu này, ung thư thực quản đã ở giai đoạn muộn",https://icdn.dantri.com.vn/zoom/468_310/filters:quality(0)/2020/12/01/1445712349-glarynxcancer-545862573702-x-336-1606817957216.jpg
Ung thư vú: Phát hiện sớm bệnh có thể điều trị khỏi,https://icdn.dantri.com.vn/zoom/480_320/filters:quality(0)/2020/12/01/ung-thu-vudocx-1606834374046.jpeg
Hiểu biết mới về ung thư phổi tạo đột phá trong điều trị,https://icdn.dantri.com.vn/zoom/480_320/filters:quality(0)/2020/11/16/ung-thu-phoi-2-1605528109015.jpg
Sự sống mong manh của thai phụ trẻ mắc ung thư ngày lên bàn mổ sinh con,https://icdn.dantri.com.vn/zoom/480_320/filters:quality(0)/2020/12/01/ungthusinhcon-3-1606830964635.jpg
"Ho dài ngày, khó nuốt: Cảnh giác với bệnh ung thư nguy hiểm",https://icdn.dantri.com.vn/zoom/480_320/filters:quality(0)/2020/11/30/20190914075612527988-dauhieuungthuvommax-800-x-800-vomg-1606750395645.jpg
"Tiến bộ trong xạ trị: Tỷ lệ kiểm soát bệnh, thời gian sống của bệnh nhân tăng lên",https://icdn.dantri.com.vn/zoom/480_320/filters:quality(0)/2020/12/01/1-1606781557371.jpg
"Bỏ qua cơn đau bụng trên, người đàn ông lỡ giai đoạn vàng trị ung thư",https://icdn.dantri.com.vn/zoom/480_320/filters:quality(0)/2020/11/30/20200502-daubungtungcon-1-1606749179436.jpg
"Việt Nam thiếu máy xạ trị ung thư, chạy gấp 5 công suất",https://icdn.dantri.com.vn/zoom/480_320/filters:quality(0)/2020/12/01/viet-nam-thieu-may-xa-tri-ung-thu-chay-gap-5-cong-suat-1-1606780897117.jpg
Người đàn ông phát hiện ung thư gan từ một cơn đau lưng,https://icdn.dantri.com.vn/zoom/480_320/filters:quality(0)/2020/12/01/nguoi-dan-ong-phat-hien-ung-thu-gan-tu-mot-con-dau-lung-1-1606780680708.jpg
"Có những triệu chứng này, ung thư dạ dày đã bước sang giai đoạn muộn",https://icdn.dantri.com.vn/zoom/480_320/filters:quality(0)/2020/11/29/20200305101205089729-daubungcaptinhvmax-1800-x-1800-1606665759161.jpg
Cảnh giác với mầm mống ung thư nguy hiểm dễ bị chẩn đoán nhầm,https://icdn.dantri.com.vn/zoom/920_612/filters:quality(0)/2020/11/29/cothattamvi-1606638291714.jpg
"Người đàn ông 40 tuổi bị ung thư gan dù không hút thuốc, uống rượu",https://icdn.dantri.com.vn/zoom/480_320/filters:quality(0)/2020/11/29/nguoi-dan-ong-40-tuoi-bi-ung-thu-gan-du-khong-hut-thuoc-uong-ruou-1-1606662028643.jpg
Người đàn ông ung thư phổi di căn não thoát liệt nhờ xạ trị,https://icdn.dantri.com.vn/zoom/480_320/filters:quality(0)/2020/11/29/img-7258-re-1606613294705.jpg
Khó thở: Dấu hiệu chung của nhiều loại ung thư,https://icdn.dantri.com.vn/zoom/480_320/filters:quality(0)/2020/12/01/kho-tho-dau-hieu-chung-cua-nhieu-loai-ung-thu-1-1606781129900.jpg
Tổng hợp được chất có khả năng tiêu diệt ung thư gấp 4 lần hóa trị,https://icdn.dantri.com.vn/zoom/480_320/filters:quality(0)/2020/11/27/3-dimmunesystemtcellshealthshutterstock-7755838961068-x-601-1606485053953.jpg
Xạ trị giúp tăng cơ hội sống cho bệnh nhân ung thư,https://icdn.dantri.com.vn/zoom/920_612/filters:quality(0)/2020/11/28/xatri-11-1606522115598.jpg
Chỉ điểm thủ phạm gây nên 3 loại ung thư nguy hiểm hàng đầu ở phụ nữ,https://icdn.dantri.com.vn/zoom/480_320/filters:quality(0)/2020/11/26/20191118102923896591-virus-hp-vmax-800-x-800-1-1606400286380.jpg
Khối u tử cung khổng lồ chiếm trọn ổ bụng bệnh nhân,https://icdn.dantri.com.vn/zoom/480_320/filters:quality(0)/2020/11/26/khoi-u-1-1606388614602.jpg
Đi ngoài ra máu có phải đã mắc ung thư đường tiêu hóa?,https://icdn.dantri.com.vn/zoom/480_320/filters:quality(0)/2020/11/25/nongtrongnguoidicauramau-1606322523543.jpg
Những người có nguy cơ cao mắc ung thư đại trực tràng cần sớm tầm soát,https://icdn.dantri.com.vn/zoom/480_320/filters:quality(0)/2020/11/25/viemduongruot-1606284814540.jpg
"Hành trình cảm xúc tại ""Đại học K"" của hoa khôi ung thư Thủy Tiên",https://icdn.dantri.com.vn/zoom/920_612/filters:quality(0)/2020/11/24/thumb-1606181500697.png
"Những thay đổi ở ""vòng 1"" cảnh báo ung thư dù không có khối u",https://icdn.dantri.com.vn/zoom/480_320/filters:quality(0)/2020/11/24/dornosseiosmenstruacao-1606205597920.jpg
Phát hiện trường hợp ung thư hắc tố cổ tử cung hiếm gặp,https://icdn.dantri.com.vn/zoom/480_320/filters:quality(0)/2020/02/27/ungthucotucung-1582814645423.jpg
Chăm sóc giảm nhẹ cải thiện chất lượng sống cho bệnh nhân ung thư,https://icdn.dantri.com.vn/zoom/480_320/filters:quality(0)/2020/11/24/ung-thu-2-1606214171086.jpg
Nguyên nhân nào gây ra bệnh ung thư xương?,https://icdn.dantri.com.vn/zoom/480_320/filters:quality(0)/2020/11/24/ungthuxuong-1-1606229505147.png
"Dưỡng chất có nhiều trong cá là ""khắc tinh"" của ung thư",https://icdn.dantri.com.vn/zoom/480_320/filters:quality(0)/2020/11/23/fatty-fish-1606141732711.jpg
Tiến sĩ y học người Nhật mang đến niềm hi vọng mới cho bệnh nhân ung thư,https://icdn.dantri.com.vn/zoom/480_320/filters:quality(0)/2020/11/24/avt-1606186934573.png
37 tuổi đã mắc ung thư giai đoạn cuối vì sai lầm nhiều người phạm phải,https://icdn.dantri.com.vn/zoom/480_320/filters:quality(0)/2020/11/23/133854-shutterstock-660259354-1606130518651.jpg
U xơ tuyến vú có tiến triển thành ung thư?,https://icdn.dantri.com.vn/zoom/480_320/filters:quality(0)/2020/08/26/ungthuvu-11-1598455519313.jpg
Điều trị ung thư đa mô thức mang lại kết quả tối ưu,https://icdn.dantri.com.vn/zoom/480_320/filters:quality(0)/2020/11/16/ung-thu-phoi-1-1605528114295.jpg
Những dấu hiệu cảnh báo ung thư hậu môn,https://icdn.dantri.com.vn/zoom/480_320/filters:quality(0)/2020/11/22/symptomsanalcancerwp-1606018029635.jpg
70% người bệnh phát hiện ung thư đại trực tràng ở giai đoạn muộn,https://icdn.dantri.com.vn/zoom/480_320/filters:quality(0)/2020/11/23/ungthudaitructrang-11-1606122729379.jpg
Dấu hiệu ung thư đại trực tràng: Mệt mỏi kéo dài dù đã nghỉ ngơi,https://icdn.dantri.com.vn/zoom/480_320/filters:quality(0)/2020/11/23/dau-hieu-ung-thu-dai-truc-trang-met-moi-keo-dai-du-da-nghi-ngoi-1-1606144483467.jpg
Nguy cơ ung thư phổi khi sống chung nhà với người nghiện thuốc lá,https://icdn.dantri.com.vn/zoom/480_320/filters:quality(0)/2020/11/22/528391-smoking-1497684877-1606057929306.jpg
Triệu chứng nào cảnh báo sớm ung thư dạ dày?,https://icdn.dantri.com.vn/zoom/480_320/filters:quality(0)/2020/02/07/ungthudaday-1-1581047575946.jpg
Tại sao không hút thuốc vẫn mắc ung thư phổi,https://icdn.dantri.com.vn/zoom/480_320/filters:quality(0)/2020/11/22/tai-sao-khong-hut-thuoc-van-mac-ung-thu-phodocx-1606018975303.jpeg
Những thắc mắc phổ biến của chị em về tầm soát ung thư cổ tử cung,https://icdn.dantri.com.vn/zoom/480_320/filters:quality(0)/2020/11/21/127-1605972748712.jpg
Dấu ấn ung thư có giúp chẩn đoán xác định ung thư?,https://icdn.dantri.com.vn/zoom/480_320/filters:quality(0)/2020/11/22/httpss-3-uswest-2-amazonawscommavenuserphotoscancerconnectovariancancergd-z-0-co-mmk-o-jnjahjem-8-ad-b-cp-az-we-du-okg-76-khae-1-aw-1606018681321.jpeg
Cách ăn súp lơ đúng cách để có lợi nhất cho sức khỏe,https://icdn.dantri.com.vn/zoom/480_320/filters:quality(0)/2020/11/20/r-8-nk-24-bmc-mg-sib-5-z-wkk-qk-w-97080-1605881798031.jpg
Khả năng chống ung thư tuyệt vời của các loại đậu quen thuộc,https://icdn.dantri.com.vn/zoom/480_320/filters:quality(0)/2020/11/20/varietyofbeans-1605885246881.jpg
Ung thư dạ dày hiện được điều trị bằng cách nào?,https://icdn.dantri.com.vn/zoom/480_320/filters:quality(0)/2020/10/16/nhung-dieu-can-biet-ve-ung-thu-da-daydocx-1602855797479.jpeg
Nguyên tắc điều trị ung thư tiền liệt tuyến,https://icdn.dantri.com.vn/zoom/480_320/filters:quality(0)/2020/07/18/ungthutuyentienliet-09-1595044348567.jpg
Tiến triển của bệnh ung thư cổ tử cung có nhanh không?,https://icdn.dantri.com.vn/zoom/480_320/filters:quality(0)/2019/12/02/ungthucotucung-13-1575271661364.jpg
Năm triệu chứng của ung thư phổi rất nhiều người không biết,https://icdn.dantri.com.vn/zoom/480_320/filters:quality(0)/2020/11/21/nam-trieu-chung-cua-ung-thu-phoi-rat-nhieu-nguoi-khong-biet-2-1605928856612.jpg
"Phát hiện ""thần dược"" diệt ung thư trong 1 giờ từ… ong mật",https://icdn.dantri.com.vn/zoom/480_320/filters:quality(0)/2020/11/22/phat-hien-than-duoc-diet-ung-thu-trong-1-gio-tu-ong-mat-1-1606014588977.jpg
Dừng ngay những thói quen làm lây lan mầm mống ung thư dạ dày,https://icdn.dantri.com.vn/zoom/480_320/filters:quality(0)/2020/11/20/img-20170607150315492-a-03-f-7-1605881794205.jpg
Những điều bạn cần biết để không lo lắng về ung thư thực quản,https://icdn.dantri.com.vn/zoom/480_320/filters:quality(0)/2020/11/20/nhung-dieu-ban-can-biet-de-khong-lo-lang-ve-ung-thu-thuc-quandocx-1605866253056.jpeg
Diễn tiến và triệu chứng của ung thư buồng trứng,https://icdn.dantri.com.vn/zoom/480_320/filters:quality(0)/2020/11/21/2-1605931571513.jpg
"Nước chanh chữa ung thư, mạnh hơn hoá trị 10.000 lần?",https://icdn.dantri.com.vn/zoom/480_320/filters:quality(0)/2020/11/20/nuoc-chanh-chua-ung-thu-manh-hon-hoa-tri-10000-lan-1-1605882511734.jpg
HPV gây ra ung thư gì?,https://icdn.dantri.com.vn/zoom/480_320/filters:quality(0)/2020/11/21/1-1605931374069.jpg
"Lý do ung thư vú khó phát hiện sớm ở ""cánh mày râu""",https://icdn.dantri.com.vn/zoom/480_320/filters:quality(0)/2020/11/20/20200803072451104462-male-breast-cancermax-800-x-800-1605831664702.jpg
Phát hiện mắc ung thư giai đoạn cuối sau thời gian dài bị táo bón,https://icdn.dantri.com.vn/zoom/480_320/filters:quality(0)/2020/11/18/20200403091523745820-poopingnotregularmax-1800-x-1800-1605713857877.jpg
Phân biệt u vú lành tính và ung thư vú,https://icdn.dantri.com.vn/zoom/480_320/filters:quality(0)/2020/11/19/1-1605798373021.jpg
"Mãng cầu, nho giúp phòng chống ung thư hiệu quả",https://icdn.dantri.com.vn/zoom/480_320/filters:quality(0)/2020/11/19/1-1605799148364.jpg
Vai trò của xét nghiệm gen trong tầm soát nguy cơ ung thư di truyền,https://icdn.dantri.com.vn/zoom/480_320/filters:quality(0)/2020/11/19/2-1605798980000.png
Nguyên nhân dẫn đến 90% trường hợp ung thư dương vật thường bị bỏ qua,https://icdn.dantri.com.vn/zoom/480_320/filters:quality(0)/2020/11/19/shutterstock-722360641-1605764028828.jpg
Ung thư đường tiêu hóa rình rập chỉ vì lười... đánh răng,https://icdn.dantri.com.vn/zoom/480_320/filters:quality(0)/2020/11/18/10-viemnuou-1507703322685-1605691548977.jpg
"Thấy bụng to lên, người đàn ông phát hiện khối u ung thư tái phát lần 3",https://icdn.dantri.com.vn/zoom/480_320/filters:quality(0)/2020/11/18/a-8207-e-6-c-0303-fd-5-da-412-1605708204737.jpg
Tiên lượng bệnh ung thư tiền liệt tuyến,https://icdn.dantri.com.vn/zoom/480_320/filters:quality(0)/2020/03/03/cac-giai-doan-cua-ung-thu-tuyen-tien-lietdocx-1583246329646.jpeg
Bệnh thường gặp của tuyến giáp và ung thư tuyến giáp,https://icdn.dantri.com.vn/zoom/480_320/filters:quality(0)/2020/11/21/1-1605932832526.jpg
Các bệnh ung thư thường gặp ở lứa tuổi thanh thiếu niên,https://icdn.dantri.com.vn/zoom/480_320/filters:quality(0)/2020/11/21/1-1605932631082.jpg
Sự thực về quan hệ bằng miệng gây ung thư vòm họng,https://icdn.dantri.com.vn/zoom/480_320/filters:quality(0)/2020/03/09/lay-nhiem-hpv-va-nguy-co-ung-thu-co-tu-cungdocx-1583763834782.jpeg
Mắc ung thư vú có cần phải cắt buồng trứng?,https://icdn.dantri.com.vn/zoom/480_320/filters:quality(0)/2020/02/27/tuoi-la-yeu-to-nguy-co-cao-cua-ung-thu-vudocx-1582816216078.jpeg
"""Vắc xin ung thư"" cho kết quả thử nghiệm đầy hứa hẹn",https://icdn.dantri.com.vn/zoom/480_320/filters:quality(0)/2020/11/17/9661398-a-1605631674916.jpg
"Đo vòng eo, quý ông biết được nguy cơ loại ung thư ""sát thủ""",https://icdn.dantri.com.vn/zoom/480_320/filters:quality(0)/2020/11/22/do-vong-eo-quy-ong-biet-duoc-nguy-co-loai-ung-thu-sat-thu-1-1606014451193.jpg
"Chủ quan khi đi đại tiện, một người đàn ông suýt mất mạng",https://icdn.dantri.com.vn/zoom/480_320/filters:quality(0)/2020/11/22/chu-quan-khi-di-dai-tien-mot-nguoi-dan-ong-suyt-mat-mang-1-1606014314304.jpg
Các phương pháp điều trị nội khoa ung thư tiền liệt tuyến,https://icdn.dantri.com.vn/zoom/480_320/filters:quality(0)/2020/11/17/cac-phuong-phap-dieu-tri-noi-khoa-ung-thu-tien-liet-tuyendocx-1605583975638.png
Triệu chứng tưởng vô hại này có thể là dấu hiệu của bệnh lý chết người,https://icdn.dantri.com.vn/zoom/480_320/filters:quality(0)/2020/11/17/2011041207445204112093-1605582885162.jpg
Giảm đau cho bệnh nhân ung thư gan giai đoạn cuối,https://icdn.dantri.com.vn/zoom/480_320/filters:quality(0)/2020/11/22/2-1606014103672.jpeg
Ăn nhiều bí đỏ giúp phòng ngừa hiệu quả ung thư và bệnh tim mạch,https://icdn.dantri.com.vn/zoom/480_320/filters:quality(0)/2020/11/16/20200516075746243987-bido-1-max-800-x-800-1605534940834.jpg
Chứng khô miệng ở bệnh nhân ung thư,https://icdn.dantri.com.vn/zoom/480_320/filters:quality(0)/2020/11/16/kho-ming-1605537949553.jpg
Thiếp lập Trung tâm thực hành lâm sàng đạt chuẩn điều trị ung thư phổi,https://icdn.dantri.com.vn/zoom/480_320/filters:quality(0)/2020/07/10/ungthuphoi-11-1594373637086.jpg
Người trong gia đình mắc ung thư có khiến nguy cơ của bạn tăng lên?,https://icdn.dantri.com.vn/zoom/480_320/filters:quality(0)/2020/11/16/ungthu-1578116870592-1605513433090.jpg
Ung thư vòm họng thai kỳ thách thức lớn trong điều trị,https://icdn.dantri.com.vn/zoom/480_320/filters:quality(0)/2020/11/16/y-te-1605515828016.jpeg
Người phụ nữ có lại bộ ngực mới sau 15 năm chịu cảnh “bên còn bên mất”,https://icdn.dantri.com.vn/zoom/480_320/filters:quality(0)/2020/11/16/hinh-phau-thuat-3-1605517303265.jpg
"Không có triệu chứng, khối u ung thư được phát hiện khi có kích thước khủng",https://icdn.dantri.com.vn/zoom/480_320/filters:quality(0)/2020/11/16/umo-19-1605490006521.jpg
Có được dùng thuốc giảm đau khi uống thuốc điều trị nội tiết?,https://icdn.dantri.com.vn/zoom/480_320/filters:quality(0)/2020/08/26/ungthuvu-11-1598455519313.jpg
Có triệu chứng này đề phòng bệnh ung thư vú,https://icdn.dantri.com.vn/zoom/480_320/filters:quality(0)/2020/10/16/xetnghiemtamsoatungthuvu-1602832522475.jpg
Dấu hiệu nhận biết nốt ruồi ung thư so với nốt ruồi thường,https://icdn.dantri.com.vn/zoom/480_320/filters:quality(0)/2020/11/16/dau-hieu-nhan-biet-not-ruoi-ung-thu-so-voi-not-ruoi-thuong-1-1605539265785.jpg
Bỏ sót triệu chứng ung thư vì tưởng nhầm là rối loạn tiền mãn kinh,https://icdn.dantri.com.vn/zoom/480_320/filters:quality(0)/2020/11/14/20200425-lamthenaodebietdaubungduoicophaimangthai-1605368563395.jpg
"Cảm thấy sưng, vướng ở cổ họng có phải là dấu hiệu ung thư?",https://icdn.dantri.com.vn/zoom/480_320/filters:quality(0)/2020/11/14/unnamed-1605332841201.jpg
Lý do gia đình 3 người cùng mắc ung thư,https://icdn.dantri.com.vn/zoom/480_320/filters:quality(0)/2020/11/16/ly-do-gia-dinh-3-nguoi-cung-mac-ung-thu-1-1605539073613.jpg
Ăn ớt giảm nguy cơ tử vong do tim mạch hoặc ung thư,https://icdn.dantri.com.vn/zoom/480_320/filters:quality(0)/2020/11/15/anot-1605457406651.jpg
Đặt stent mật tụy ngược dòng cứu bệnh nhân ung thư tắc nghẽn đường mật,https://icdn.dantri.com.vn/zoom/480_320/filters:quality(0)/2020/11/15/mattuynguocdong-1605457659149.jpg
3 lý do chính khiến ngày càng nhiều người trẻ mắc ung thư,https://icdn.dantri.com.vn/zoom/480_320/filters:quality(0)/2020/11/13/partying-alcohol-abuse-beachside-1605278816275.jpg
Có những cách nào để chẩn đoán ung thư vú?,https://icdn.dantri.com.vn/zoom/480_320/filters:quality(0)/2020/11/16/press-release-vi-la-phoi-khoe-2021-2023-16-novfinaldocx-1605539838949.png
Có thể biết tình trạng sức khỏe qua... cái bắt tay,https://icdn.dantri.com.vn/zoom/480_320/filters:quality(0)/2020/11/13/20200224083437724995-battaymax-1800-x-1800-1605253926135.jpg
"Ra máu âm đạo khi đã mãn kinh, coi chừng ung thư",https://icdn.dantri.com.vn/zoom/480_320/filters:quality(0)/2020/11/13/ung-thu-2-1605256529222.jpg
Tiên lượng bệnh của ung thư tuyến giáp thể tủy,https://icdn.dantri.com.vn/zoom/480_320/filters:quality(0)/2020/11/10/trieuchungungthutuyengiap-11-1605022475102.jpg
Tiên lượng của bệnh nhân ung thư vú thụ thể nội tiết dương tính,https://icdn.dantri.com.vn/zoom/480_320/filters:quality(0)/2020/02/27/tuoi-la-yeu-to-nguy-co-cao-cua-ung-thu-vudocx-1582816216078.jpeg
Xét nghiệm nào để chẩn đoán ung thư tuyến giáp,https://icdn.dantri.com.vn/zoom/480_320/filters:quality(0)/2020/02/23/ungthutuyengiap-11-1582429382239.jpg
Cảnh giác với ung thư nếu xuất hiện những dấu hiệu này khi tiểu tiện,https://icdn.dantri.com.vn/zoom/480_320/filters:quality(0)/2020/11/11/prostatecancersymptoms-urinationsholdsmanysignsandwarningsofdeadlycondition-1222268-1605111734127.jpg
Sinh thiết trong khi mổ,https://icdn.dantri.com.vn/zoom/480_320/filters:quality(0)/2020/11/10/ungthutuy-1-1605022741673.png
Hai vợ chồng khóc ân hận khi biết mình mắc ung thư gan từ thói quen ăn hoa quả,https://icdn.dantri.com.vn/zoom/480_320/filters:quality(0)/2020/11/10/hai-vo-chong-khoc-an-han-khi-biet-minh-mac-ung-thu-gan-tu-thoi-quen-an-hoa-qua-1-1605022920394.jpg
Mật độ nhu mô tuyến vú có liên quan đến ung thư vú?,https://icdn.dantri.com.vn/zoom/480_320/filters:quality(0)/2020/11/21/2-1605931011507.jpg
Thêm hy vọng cho người bệnh ung thư,https://icdn.dantri.com.vn/zoom/480_320/filters:quality(0)/2020/10/24/ungthucotucung-1603548509784.jpg
"Thanh niên chưa vợ đã phải cắt ""của quý"", bác sĩ chỉ rõ thủ phạm gây điều này",https://icdn.dantri.com.vn/zoom/480_320/filters:quality(0)/2020/11/21/2-1605929776433.jpg
"Mỗi năm ghi nhận hơn 15.200 ca ung thư vú, nhiều chị em vẫn e ngại không đi khám sàng lọc",https://icdn.dantri.com.vn/zoom/480_320/filters:quality(0)/2020/11/21/2-1605930557242.png
"Ra máu vùng kín sau khi quan hệ, người phụ nữ bất ngờ phát hiện ung thư",https://icdn.dantri.com.vn/zoom/480_320/filters:quality(0)/2020/11/11/sailamkhigiatquanaogayviemnhiemphukhoa-4-1605080285828.jpg
Phương pháp giá rẻ xác định 5 loại ung thư trước đến 4 năm,https://icdn.dantri.com.vn/zoom/480_320/filters:quality(0)/2020/11/22/phuong-phap-gia-re-xac-dinh-5-loai-ung-thu-truoc-den-4-nam-1-1606015100032.jpg
"Sau 1 năm không theo dõi điều trị, nang thận tiến triển thành ung thư",https://icdn.dantri.com.vn/zoom/480_320/filters:quality(0)/2020/11/11/nang-than-2-1605069064849.jpg
"Dùng loại thuốc phổ biến trong hoàn cảnh này, coi chừng tử vong sớm",https://icdn.dantri.com.vn/zoom/480_320/filters:quality(0)/2020/11/22/dung-loai-thuoc-pho-bien-trong-hoan-canh-nay-coi-chung-tu-vong-som-1-1606014990757.png
Sốc: Phát hiện ung thư da vì nhiễm độc thạch tín,https://icdn.dantri.com.vn/zoom/480_320/filters:quality(0)/2020/11/11/1-1605067226358.jpg
Thứ bí ẩn trong ruột người có thể tấn công 3 loại ung thư,https://icdn.dantri.com.vn/zoom/480_320/filters:quality(0)/2020/11/22/thu-bi-an-trong-ruot-nguoi-co-the-tan-cong-3-loai-ung-thu-1-1606014883174.jpg
Những dấu hiệu cảnh báo ung thư tuyến tiền liệt,https://icdn.dantri.com.vn/zoom/480_320/filters:quality(0)/2020/11/11/tuyen-tien-liet-1605050717269.jpg
Bé gái 30 tháng tuổi tử vong vì mẹ dùng thực dưỡng chữa ung thư máu,https://icdn.dantri.com.vn/zoom/480_320/filters:quality(0)/2020/11/22/be-gai-30-thang-tuoi-tu-vong-vi-me-dung-thuc-duong-chua-ung-thu-mau-1-1606015638831.jpg
Chạy đua với tử thần cứu mẹ con thai phụ bị ung thư,https://icdn.dantri.com.vn/zoom/480_320/filters:quality(0)/2020/11/10/ung-thu-2-1604995247855.jpg
Phát hiện chất béo… tiêu diệt ung thư ngay trong cơ thể người,https://icdn.dantri.com.vn/zoom/480_320/filters:quality(0)/2020/11/22/phat-hien-chat-beo-tieu-diet-ung-thu-ngay-trong-co-the-nguoi-1-1606015523430.jpg
"Nghiên cứu ra loại vắc xin điều trị, tiêu diệt 6 loại ung thư",https://icdn.dantri.com.vn/zoom/480_320/filters:quality(0)/2020/11/22/nghien-cuu-ra-loai-vacxin-dieu-tri-tieu-diet-6-loai-ung-thu-1-1606015331506.jpg
Phối hợp đa chuyên khoa tối ưu hóa điều trị ung thư vú,https://icdn.dantri.com.vn/zoom/480_320/filters:quality(0)/2020/11/09/hoi-chan-1604924426243.jpg
Biến đổi khí hậu có thể là nguyên nhân gia tăng mắc các bệnh ung thư cao,https://icdn.dantri.com.vn/zoom/480_320/filters:quality(0)/2020/11/10/ung-thudocx-1604966926938.jpeg
U xơ tử cung có thể tiến triển thành ung thư cổ tử cung?,https://icdn.dantri.com.vn/zoom/480_320/filters:quality(0)/2020/11/09/20190819035845484885-viemphanphumantmax-1800-x-1800-1604924955164.jpg
Kéo dài tuổi thọ cho người bị ung thư đại trực tràng tái phát,https://icdn.dantri.com.vn/zoom/480_320/filters:quality(0)/2020/11/09/ung-thu-1604921095282.jpg
5 yếu tố giúp chúng ta tránh xa bệnh ung thư,https://icdn.dantri.com.vn/zoom/480_320/filters:quality(0)/2020/11/09/womandoingpilateshomeworkoutlaptopyoga-1604910081539.jpg
MC nổi tiếng nước Mỹ qua đời vì ung thư,https://icdn.dantri.com.vn/zoom/480_320/filters:quality(0)/2020/11/09/mc-noi-tieng-nuoc-my-qua-doi-vi-ung-thu-1-1604933489924.jpg
"Trị khối u tuyến vú, tuyến giáp bằng công nghệ vi sóng",https://icdn.dantri.com.vn/zoom/480_320/filters:quality(0)/2020/11/09/tri-khoi-u-tuyen-vu-tuyen-giap-bang-cong-nghe-vi-song-1-1604932227165.jpg
Tất cả những điều bạn cần biết để ngừa ung thư dạ dày,https://icdn.dantri.com.vn/zoom/480_320/filters:quality(0)/2020/10/16/nhung-dieu-can-biet-ve-ung-thu-da-daydocx-1602855797479.jpeg
Ai dễ mắc ung thư cổ tử cung?,https://icdn.dantri.com.vn/zoom/480_320/filters:quality(0)/2020/11/09/1-1604937068384.png
Sao Việt làm gì khi biết mình mắc ung thư?,https://icdn.dantri.com.vn/zoom/480_320/filters:quality(0)/2020/11/09/sao-viet-lam-gi-khi-biet-minh-mac-ung-thu-1-1604933135909.jpg
Ung thư bàng quang là gì?,https://icdn.dantri.com.vn/zoom/480_320/filters:quality(0)/2020/11/08/20190914081355644964-ungthubangquang-4-max-800-x-800-1604804751256.jpg
Mày râu cũng... ung thư vú,https://icdn.dantri.com.vn/zoom/480_320/filters:quality(0)/2020/11/09/may-rau-cung-ung-thu-vu-1-1604932410775.jpg
"5 bộ phận cơ thể dễ trở thành ""mục tiêu"" của ung thư",https://icdn.dantri.com.vn/zoom/480_320/filters:quality(0)/2020/11/07/coloncancerc-4-fc-89-b-578934-d-8-ba-3-a-257-bba-6-e-15-bfeprv-1604749312378.jpg
Mỹ thu hồi thuốc trị tiểu đường nghi chứa chất gây ung thư,https://icdn.dantri.com.vn/zoom/480_320/filters:quality(0)/2020/11/08/thuoccnn-1604641001405154165548-1604844936474.jpg
“Hoa khôi truyền cảm hứng” đã chiến thắng bệnh ung thư,https://icdn.dantri.com.vn/zoom/480_320/filters:quality(0)/2020/11/09/1-1604937370627.jpg
Ung thư bàng quang có liên quan đến thuốc lá,https://icdn.dantri.com.vn/zoom/480_320/filters:quality(0)/2020/11/09/dscf-8918-1604934002408.jpg
Các thực phẩm bác sĩ điều trị ung thư khuyên bạn tránh xa,https://icdn.dantri.com.vn/zoom/480_320/filters:quality(0)/2020/11/09/cac-thuc-pham-bac-si-dieu-tri-ung-thu-khuyen-ban-tranh-xa-1-1604933710822.jpg
Thay đổi lối sống và chế độ ăn như thế nào để ngừa ung thư?,https://icdn.dantri.com.vn/zoom/480_320/filters:quality(0)/2020/11/06/foodasmedicine-1604673131178.jpg
Triệu chứng của bệnh ung thư diễn viên Ninh Dương Lan Ngọc từng mắc,https://icdn.dantri.com.vn/zoom/480_320/filters:quality(0)/2020/11/06/ninhduonglanngoc-1604600903709-1604659109799.jpg
Gia tăng nguy cơ tử vong khi trì hoãn điều trị ung thư trong thời kỳ dịch Covid-19,https://icdn.dantri.com.vn/zoom/480_320/filters:quality(0)/2020/11/08/ungthucnn-1595527473550977688254-1604844790854.jpg
Cách phát hiện sớm ung thư gan,https://icdn.dantri.com.vn/zoom/480_320/filters:quality(0)/2020/08/21/ungthugan-01-1597997178774.jpg
Phân biệt nhiệt miệng và ung thư lưỡi,https://icdn.dantri.com.vn/zoom/480_320/filters:quality(0)/2020/11/09/1-1604937863590.jpg
"Bệnh nhân ung thư mắc bẫy ""cò mồi"": Tận cùng của sự độc ác",https://icdn.dantri.com.vn/zoom/480_320/filters:quality(0)/2020/11/05/comoi-16045810726781608913594-1604585956856.jpg
Thói quen làm tăng nguy cơ ung thư phổi,https://icdn.dantri.com.vn/zoom/480_320/filters:quality(0)/2020/11/05/1105-yte-24-htbpsthoiquenlamtangnguycoungthuphoib-2-anchuan-1604557606581212961653816045578786417240152571604557906184244396316-1604586481978.png
Nhận diện tổn thương tiền ung thư cổ tử cung,https://icdn.dantri.com.vn/zoom/480_320/filters:quality(0)/2020/11/09/1-1604937696456.jpg
Những dấu hiệu sớm phát hiện ung thư phổi,https://icdn.dantri.com.vn/zoom/480_320/filters:quality(0)/2020/07/10/ungthuphoi-11-1594373637086.jpg
Ai cần tầm soát ung thư gan,https://icdn.dantri.com.vn/zoom/480_320/filters:quality(0)/2020/03/02/ungthugan-11-1583165338806.jpg
Nguy hại do xơ gan,https://icdn.dantri.com.vn/zoom/480_320/filters:quality(0)/2020/08/08/ungthugan-109-1596898812843.jpg
"Trẻ mới 12 tuổi đã mắc ung thư gan, cha mẹ cần cảnh giác",https://icdn.dantri.com.vn/zoom/480_320/filters:quality(0)/2020/11/05/img-7942-2-1604569514702.jpg
"Khí hư mùi tanh hôi, loạn kinh có phải dấu hiệu ung thư?",https://icdn.dantri.com.vn/zoom/480_320/filters:quality(0)/2020/11/05/1701285-d-8-b-26-ce-4670-f-3-dcdba-4722-bdauvungkin-1604572541908.jpg
Lưu ý biểu hiện chứng đau đầu ở bệnh nhân ung thư,https://icdn.dantri.com.vn/zoom/480_320/filters:quality(0)/2020/11/05/luu-y-bieu-hien-chung-dau-dau-o-benh-nhan-ung-thudocx-1604573480653.png
"Chủ quan với dấu hiệu đơn giản, người đàn ông mắc 2 ung thư hàng đầu",https://icdn.dantri.com.vn/zoom/480_320/filters:quality(0)/2020/11/05/chu-quan-voi-dau-hieu-don-gian-nguoi-dan-ong-mac-2-ung-thu-hang-dau-1-1604573789812.jpg
Ung thư tuyến tiền liệt không còn đáng sợ?,https://icdn.dantri.com.vn/zoom/480_320/filters:quality(0)/2020/11/09/1-1604938351133.png
Anh chế ra vắc xin trị 2 loại ung thư gây chết người nhiều nhất thế giới,https://icdn.dantri.com.vn/zoom/480_320/filters:quality(0)/2020/11/09/anh-che-ra-vacxin-tri-2-loai-ung-thu-gay-chet-nguoi-nhieu-nhat-the-gioi-1-1604932693091.jpg
Đặt túi ngực có làm tăng nguy cơ bị ung thư vú?,https://icdn.dantri.com.vn/zoom/480_320/filters:quality(0)/2020/11/04/tuinguc-21604473276879-1604479589469.jpeg
Stress tâm lý gây ung thư?,https://icdn.dantri.com.vn/zoom/480_320/filters:quality(0)/2020/11/09/1-1604938454275.jpg
Phụ nữ có mô vú đặc nguy cơ ung thư vú cao,https://icdn.dantri.com.vn/zoom/480_320/filters:quality(0)/2020/11/09/phu-nu-co-mo-vu-dac-nguy-co-ung-thu-vu-cao-1-1604932591184.jpg
Triệu chứng phổ biến cảnh báo ung thư thận,https://icdn.dantri.com.vn/zoom/480_320/filters:quality(0)/2020/11/05/trieu-chung-pho-bien-canh-bao-ung-thu-than-1-1604574547811.jpg
Phần lớn người mắc ung thư xương không có yếu tố nguy cơ,https://icdn.dantri.com.vn/zoom/480_320/filters:quality(0)/2020/11/03/painfulkneejoint-1604411138948.jpg
Nam thanh niên bị ung thư gan từ u máu lành tính trong gan,https://icdn.dantri.com.vn/zoom/480_320/filters:quality(0)/2020/11/09/2-1604938638274.jpg
"Tưởng ăn khỏe, người phụ nữ Hà Nội vô tình nuôi khối u khủng",https://icdn.dantri.com.vn/zoom/480_320/filters:quality(0)/2020/11/03/truoc-mo-1604374248503.jpg
"Tưởng bị tắc sữa, người mẹ trẻ bất ngờ nhận tin mắc ung thư vú",https://icdn.dantri.com.vn/zoom/480_320/filters:quality(0)/2020/11/02/shutterstock-11274347811-1604325876842.jpg
"Có 6 dấu hiệu này, nên cảnh giác với bệnh ung thư",https://icdn.dantri.com.vn/zoom/480_320/filters:quality(0)/2020/11/02/5-e-6-a-7-be-0235-c-1828712-d-40-da-1604310211982.jpg
Quan niệm sai lầm về dinh dưỡng trong điều trị ung thư,https://icdn.dantri.com.vn/zoom/480_320/filters:quality(0)/2020/11/09/1-1604938797702.jpg
Phục hồi chức năng nâng cao chất lượng sống cho bệnh nhân ung thư,https://icdn.dantri.com.vn/zoom/480_320/filters:quality(0)/2020/11/02/phuc-hoi-chuc-nang-2-1604305020344.jpeg
Những điều cần làm ngay để tránh ung thư gan,https://icdn.dantri.com.vn/zoom/480_320/filters:quality(0)/2020/11/09/1-1604938906555.jpg
Nữ sinh Ngoại thương mắc ung thư từng được Thủ tướng động viên đã khỏi bệnh,https://icdn.dantri.com.vn/zoom/480_320/filters:quality(0)/2020/11/02/thuy-tien-2-1604295102508.jpeg
"Sụt cân, đi ngoài ra máu, người đàn ông bất ngờ mắc 2 bệnh ung thư",https://icdn.dantri.com.vn/zoom/480_320/filters:quality(0)/2020/11/02/27-1604295730934.jpg
Củ ấu phòng chống ung thư,https://icdn.dantri.com.vn/zoom/480_320/filters:quality(0)/2020/11/01/cuau-1604225488693.jpg
"10 bệnh ung thư thường gặp nhất ở người trẻ tuổi, cách nhận biết",https://icdn.dantri.com.vn/zoom/480_320/filters:quality(0)/2020/11/01/coloncancerinyoungadultsscaled-1604202429470.jpeg
Có phát hiện được sớm ung thư gan?,https://icdn.dantri.com.vn/zoom/480_320/filters:quality(0)/2020/11/01/viemganb-05-1604208144934.jpg
"Đau lưng, hông: Cảnh giác với bệnh ung thư thường gặp ở nam giới",https://icdn.dantri.com.vn/zoom/480_320/filters:quality(0)/2020/11/01/electricbackpainshutterstock-679224700-1604224705269.jpg
"Chịu khó ăn 13 loại thực phẩm này, bạn không còn lo về ung thư",https://icdn.dantri.com.vn/zoom/480_320/filters:quality(0)/2020/11/01/typesof-citrus-fruits-1274-1604198298490.jpg
Thành viên của nhóm nhạc Nhật Bản ngừng hoạt động vì bị ung thư hạch,https://icdn.dantri.com.vn/zoom/480_320/filters:quality(0)/2020/11/01/unnamed-16040468297001454531885-crop-1604046849258466728065-1604224898586.jpg
"Chuyên gia: Cà phê làm chậm xơ hóa gan, ngăn ngừa ung thư",https://icdn.dantri.com.vn/zoom/480_320/filters:quality(0)/2020/10/31/espressocoffeecupwithbeansontablerestricted-1604161816214.jpg
Nên tầm soát ung thư đại tràng từ độ tuổi nào?,https://icdn.dantri.com.vn/zoom/480_320/filters:quality(0)/2020/10/31/ung-thu-dai-trang-1604133231392.jpg
Những điều cần biết về bệnh ung thư nguy hiểm số 2 Việt Nam,https://icdn.dantri.com.vn/zoom/480_320/filters:quality(0)/2020/10/31/nhung-dieu-can-biet-ve-benh-ung-thu-nguy-hiem-so-2-viet-namdocx-1604151439301.jpeg
Ung thư thanh quản được điều trị như thế nào?,https://icdn.dantri.com.vn/zoom/480_320/filters:quality(0)/2020/10/31/ung-thu-thanh-quan-duoc-dieu-tri-nhu-the-naodocx-1604152633313.jpeg
6 triệu chứng ung thư vú mà không sờ thấy khối u,https://icdn.dantri.com.vn/zoom/480_320/filters:quality(0)/2019/12/12/ungthuvu-09-1576136094658.jpg
Dấu hiệu đau phổ biến này có thể cảnh báo bệnh ung thư nguy hiểm,https://icdn.dantri.com.vn/zoom/480_320/filters:quality(0)/2020/10/31/ungthuthan-11-1604117703411.jpg
"Vàng da, vàng mắt: Không chỉ là dấu hiệu của bệnh gan",https://icdn.dantri.com.vn/zoom/480_320/filters:quality(0)/2020/10/30/jaundiceyelloweyes-1604051756210.jpg
Dấu hiệu bất ngờ ở lưng cảnh báo ung thư phổi,https://icdn.dantri.com.vn/zoom/480_320/filters:quality(0)/2020/10/31/dau-hieu-bat-ngo-o-lung-canh-bao-ung-thu-phoi-1-1604152827324.jpg
"Khó phát hiện sớm ung thư xương, cần cảnh giác nếu cơ thể có dấu hiệu này",https://icdn.dantri.com.vn/zoom/480_320/filters:quality(0)/2020/10/30/wheredoesbonecancerusuallystart-1604069418464.jpg
Mầm mống gây ung thư có thể lây lan qua… nụ hôn,https://icdn.dantri.com.vn/zoom/480_320/filters:quality(0)/2020/10/29/20201029211631-1603981033840.png
Dùng laser điều trị ung thư bàng quang không xâm lấn cơ,https://icdn.dantri.com.vn/zoom/480_320/filters:quality(0)/2020/10/30/b-1604028928783.jpg
"Học người Nhật loại đồ uống này, giúp sống thọ, ngừa ung thư, béo phì",https://icdn.dantri.com.vn/zoom/480_320/filters:quality(0)/2020/10/30/matcha-green-tea-1604023382018.jpg
Đau lưng trên hoặc cổ: Dấu hiệu ít biết của bệnh ung thư vú,https://icdn.dantri.com.vn/zoom/480_320/filters:quality(0)/2020/10/29/42175074-ml-1603979069234.jpg
"Đi ngoài phân đen, dấu hiệu của ung thư dạ dày",https://icdn.dantri.com.vn/zoom/480_320/filters:quality(0)/2020/10/29/hinh-1-khoi-u-trong-da-day-bi-ton-thuong-1603982462232.jpg
"Có một trong 7 dấu hiệu này, chị em cần nghĩ đến ung thư cổ tử cung",https://icdn.dantri.com.vn/zoom/480_320/filters:quality(0)/2019/12/02/ungthucotucung-13-1575271661364.jpg
Ung thư phổi liệu có thể phát hiện sớm?,https://icdn.dantri.com.vn/zoom/480_320/filters:quality(0)/2020/10/29/lung-cancer-composite-image-g-1148110219-1603965550108.jpg
"""Tảng băng chìm"" gây ung thư gan qua mặt được các xét nghiệm",https://icdn.dantri.com.vn/zoom/480_320/filters:quality(0)/2020/10/28/20191118074109340960-viemganbmax-800-x-800-1-1603904250511.jpg
Nữ bệnh nhân 22 tuổi “vượt qua” ung thư để được làm mẹ,https://icdn.dantri.com.vn/zoom/480_320/filters:quality(0)/2020/10/29/13-f-5-bf-483-ea-5-c-0-fb-99-b-4-1603944158399.jpg
Ứng dụng trí tuệ nhân tạo trong nội soi đại tràng,https://icdn.dantri.com.vn/zoom/480_320/filters:quality(0)/2020/10/29/noisoitieuhoahoanglong-160368136155911938199-1603904613767.jpg
"7 bệnh ung thư phổ biến nhất ở trẻ, dấu hiệu nhận biết",https://icdn.dantri.com.vn/zoom/480_320/filters:quality(0)/2020/10/28/shutterstock-159655766800-x-480-1603900420692.jpg
Nam giới có những yếu tố này dễ mắc bệnh ung thư vú hơn,https://icdn.dantri.com.vn/zoom/480_320/filters:quality(0)/2020/10/28/20200803072451104462-male-breast-cancermax-800-x-800-1603898994470.jpg
"Đến viện để khám vú, người phụ nữ tình cờ phát hiện ung thư cổ tử cung",https://icdn.dantri.com.vn/zoom/480_320/filters:quality(0)/2020/10/28/ungthucotucung-1603548509784-1-1603882142255.jpg
Khi nào cơn đau đầu cảnh báo ung thư phổi,https://icdn.dantri.com.vn/zoom/480_320/filters:quality(0)/2020/10/28/khi-nao-con-dau-dau-canh-bao-ung-thu-phoi-1-1603900787241.jpg
Sắp có vắc xin điều trị và ngăn ngừa ung thư phổi,https://icdn.dantri.com.vn/zoom/480_320/filters:quality(0)/2020/10/28/sap-co-vac-xin-dieu-tri-va-ngan-ngua-ung-thu-phoi-1-1603900614939.jpg
Bệnh nhân ung thư đại trực tràng sống được bao lâu?,https://icdn.dantri.com.vn/zoom/480_320/filters:quality(0)/2020/10/28/benh-nhan-ung-thu-dai-truc-trang-song-duoc-bao-laudocx-1603857090146.jpeg
Chảy máu vùng kín sau quan hệ: Dấu hiệu cảnh báo nhiều bệnh nguy hiểm,https://icdn.dantri.com.vn/zoom/480_320/filters:quality(0)/2020/10/27/womanlyinginbedholdingstomachwithabdominalcrampsbeforeperiodsandmenstrualpain-1603808474857.jpg
Căn nguyên của 20% ca tử vong do ung thư có thể lây qua đường tình dục,https://icdn.dantri.com.vn/zoom/480_320/filters:quality(0)/2020/10/27/13-tipchuyengiuongchieuelleman-1603805229148.png
Sinh thiết vú hút chân không giúp phát hiện sớm ung thư,https://icdn.dantri.com.vn/zoom/480_320/filters:quality(0)/2020/10/27/b-6-1603790896976.png
5 nguyên nhân khiến ung thư dạ dày ở Việt Nam gia tăng và trẻ hóa,https://icdn.dantri.com.vn/zoom/480_320/filters:quality(0)/2020/10/27/a-7-bc-07396-c-2-b-9075-c-93-a-431595563511311-1603784679949.jpg
Nổi hạch ở nách lâu ngày không hết có đáng ngại?,https://icdn.dantri.com.vn/zoom/480_320/filters:quality(0)/2020/10/27/20200716-hachonach-01-1603773324353.jpg
Tưởng sưng miệng do xương đâm nào ngờ ung thư,https://icdn.dantri.com.vn/zoom/480_320/filters:quality(0)/2020/10/25/ungthukhoangmiengjpg-1-1603640266223.jpg
"Những thực phẩm 'rút ngắn tuổi thọ', nhiều người Việt nghiện ăn hàng ngày",https://icdn.dantri.com.vn/zoom/480_320/filters:quality(0)/2020/10/27/1-ans-1-oxdhvcyu-0-gtqlnb-3-uqperf-1603758898077.jpeg
Kỹ thuật nội soi hoàn toàn cắt dạ dày và vét hạch D2,https://icdn.dantri.com.vn/zoom/480_320/filters:quality(0)/2020/10/25/tai-xuong-1603640686817.jpg
7 nguyên tắc phòng ngừa ung thư mà ai cũng có thể thực hiện,https://icdn.dantri.com.vn/zoom/480_320/filters:quality(0)/2020/10/26/happy-1603687192977.jpg
Bệnh nhân ung thư hiến giác mạc giúp 2 người tìm lại ánh sáng,https://icdn.dantri.com.vn/zoom/480_320/filters:quality(0)/2020/10/26/ghep-giac-mac-3-1603694921597.jpg
3 cách tiết kiệm sẽ đẩy chúng ta đến gần hơn với bệnh ung thư,https://icdn.dantri.com.vn/zoom/480_320/filters:quality(0)/2020/10/25/16-o-2-ni-0-vz-s-ie-r-82-bpzeu-q-1603633212002.jpeg
7 bệnh ung thư có tỷ lệ sống sót sau 5 năm cao nhất,https://icdn.dantri.com.vn/zoom/480_320/filters:quality(0)/2020/10/25/hodgkinslymphoma-1603633122006.jpg
Ngày càng có nhiều người Việt mắc ung thư đại trực tràng vì thói quen này,https://icdn.dantri.com.vn/zoom/480_320/filters:quality(0)/2020/10/25/ungthudaitructrangtanggap-3-donguoivietthichansuongmieng-2-1603611168640.jpg
Tăng nguy cơ ung thư vì bỏ sót polyp đại tràng,https://icdn.dantri.com.vn/zoom/480_320/filters:quality(0)/2020/10/26/mgl-0259-1603673043681.jpg
"Có một trong những tác nhân này, bạn cần đề phòng ung thư hạch",https://icdn.dantri.com.vn/zoom/480_320/filters:quality(0)/2020/10/25/ungthuhachj-1603631777789.jpg
"4 bệnh ung thư phổ biến nhất ở nữ giới, ai có nguy cơ mắc bệnh cao nhất",https://icdn.dantri.com.vn/zoom/480_320/filters:quality(0)/2020/10/25/73933617-cms-1603613210197.png
Bệnh nhân ung thư đang điều trị cần biết điều này để tốt cho cơ thể,https://icdn.dantri.com.vn/zoom/480_320/filters:quality(0)/2020/10/25/dinhduong-1603590951486.jpg
Bữa sáng ngon nhưng không nên ăn để tránh ung thư đường ruột,https://icdn.dantri.com.vn/zoom/480_320/filters:quality(0)/2020/10/25/bua-sang-ngon-nhung-khong-nen-an-de-tranh-ung-thu-duong-ruot-1-1603613472866.jpg
Vắc xin phòng ung thư có giúp miễn nhiễm hoàn toàn với bệnh?,https://icdn.dantri.com.vn/zoom/480_320/filters:quality(0)/2020/10/24/cervical-cancer-vaccine-prevention-shutterstock-1603539877558.png
Người có các vấn đề này cần đề phòng ung thư xương,https://icdn.dantri.com.vn/zoom/480_320/filters:quality(0)/2020/10/24/osteosarcoma-bone-cancer-1603550031677.jpg
Chị em sẽ được khám gì khi tầm soát sớm ung thư cổ tử cung?,https://icdn.dantri.com.vn/zoom/480_320/filters:quality(0)/2020/10/24/ungthucotucung-1603548509784.jpg
Dấu hiệu thầm lặng của bệnh ung thư gan,https://icdn.dantri.com.vn/zoom/480_320/filters:quality(0)/2020/10/24/ungthugan-11-1603547699264.jpg
Nổi hạch ở cổ có phải là dấu hiệu của bệnh ung thư?,https://icdn.dantri.com.vn/zoom/480_320/filters:quality(0)/2020/10/24/cucuoco-51543821494762868841830-crop-15438215913341796753051-1603526162878.jpg
"6 nhóm thực phẩm tế bào ung thư ""cực thích"", cần tránh xa càng sớm càng tốt",https://icdn.dantri.com.vn/zoom/480_320/filters:quality(0)/2020/10/24/1603416113-c-0860-ff-52265-e-379-fa-0527-bcf-4-e-227-aa-1603540335156.jpg
Hai cha con cùng mắc ung thư đại trực tràng vì một thói quen ăn uống,https://icdn.dantri.com.vn/zoom/480_320/filters:quality(0)/2020/10/24/hai-cha-con-cung-mac-ung-thu-dai-truc-trang-vi-mot-thoi-quen-an-uong-1-1603550418478.jpg
Bạn cần biết 6 dấu hiệu cảnh báo ung thư thận trước khi quá muộn,https://icdn.dantri.com.vn/zoom/480_320/filters:quality(0)/2019/10/25/ungthuthan-1-1572001958113.jpg
Bệnh viện K hỗ trợ bệnh nhân ung thư sống tại vùng thiệt hại do mưa lũ,https://icdn.dantri.com.vn/zoom/480_320/filters:quality(0)/2020/10/23/img-6769-1603464392010.jpeg
Hai người trong một gia đình kịp thời phát hiện ung thư vú nhờ... nuôi chó,https://icdn.dantri.com.vn/zoom/480_320/filters:quality(0)/2020/10/24/ungthucnn-1595527473550977688254-1603540479004.jpg
6 dấu hiệu cảnh báo ung thư chị em cần đặc biệt chú ý,https://icdn.dantri.com.vn/zoom/480_320/filters:quality(0)/2020/10/23/tukhamvunhuthenaodecothephathienungthusom-1556251852-1603450872581.jpg
"Cho tinh trùng ""ngủ đông"" để bảo vệ cơ hội làm bố của bệnh nhân ung thư",https://icdn.dantri.com.vn/zoom/480_320/filters:quality(0)/2020/10/22/dscf-3095-1603380425087.jpg
"Phù to chi sau điều trị ung thư vú, xử trí thế nào?",https://icdn.dantri.com.vn/zoom/480_320/filters:quality(0)/2020/10/22/mg-191515667986977111387263363-1603300277529.jpg
Điều trị ung thư tuyến tiền liệt di căn bằng cách nào?,https://icdn.dantri.com.vn/zoom/480_320/filters:quality(0)/2020/06/22/ungthutuyentienliet-12-1592813635264.jpg
Giải Nobel Y học mở ra hướng đi mới trong cuộc chiến chống ung thư,https://icdn.dantri.com.vn/zoom/480_320/filters:quality(0)/2020/10/22/20201021094638348-1603344876863.jpg
Hành trình vượt qua ung thư của 3 người phụ nữ,https://icdn.dantri.com.vn/zoom/480_320/filters:quality(0)/2020/10/22/hanh-trinh-vuot-qua-ung-thu-cua-3-nguoi-phu-nudocx-1603349466409.jpeg
"5 bệnh ung thư phổ biến nhất ở nam giới, phòng tránh như thế nào",https://icdn.dantri.com.vn/zoom/480_320/filters:quality(0)/2020/10/22/ungthuphoi-1-1603324337937.jpg
"5 bệnh ung thư phổ biến nhất ở nam giới, phòng tránh như thế nào",https://icdn.dantri.com.vn/zoom/480_320/filters:quality(0)/2020/10/22/ungthuphoi-1-1603324337937.jpg
5 điều cần làm để ngừa ung thư dạ dày,https://icdn.dantri.com.vn/zoom/480_320/filters:quality(0)/2019/12/17/ungthudaday-07-1576596040253.jpg
Vì sao chị em mắc ung thư vú nên tuân thủ việc điều trị?,https://icdn.dantri.com.vn/zoom/480_320/filters:quality(0)/2020/10/22/utv-16032093923511067330040-1603300440521.png
Những triệu chứng của ung thư tuyến giáp,https://icdn.dantri.com.vn/zoom/480_320/filters:quality(0)/2020/10/21/291-noihachocovagay-2-1603289102923.jpg
7 dấu hiệu cảnh báo sớm ung thư đại trực tràng,https://icdn.dantri.com.vn/zoom/480_320/filters:quality(0)/2020/10/21/8-dau-hieu-canh-bao-som-ung-thu-dai-truc-trangdocx-1603270963662.jpeg
Vết loét ở lưỡi nhiều tháng không khỏi: Coi chừng bệnh lý nguy hiểm!,https://icdn.dantri.com.vn/zoom/480_320/filters:quality(0)/2020/10/20/tongue-31578323597014-1603211899143.jpeg
"Khám, tầm soát miễn phí ung thư vú cho 1.000 phụ nữ",https://icdn.dantri.com.vn/zoom/480_320/filters:quality(0)/2020/10/21/benhvienchoraykhamtamsoatungthuvumienphi-1603250505418.jpg
Những điều cần biết khi ăn phô mai để không gây hại sức khỏe,https://icdn.dantri.com.vn/zoom/480_320/filters:quality(0)/2020/10/21/phomai-1-1603244898361.jpg
"Bệnh ung thư ngôi sao phim ""Iron Man"" mắc phải nguy hiểm như thế nào?",https://icdn.dantri.com.vn/zoom/480_320/filters:quality(0)/2020/10/20/jeffbridgesrobertdowneyjrironman-1603210580101.jpg
Bệnh nhân ung thư vú có thể sống được bao lâu?,https://icdn.dantri.com.vn/zoom/480_320/filters:quality(0)/2020/02/14/ungthuvu-76-1581655392736.jpg
Những dấu hiệu sớm nhất của ung thư cổ tử cung,https://icdn.dantri.com.vn/zoom/480_320/filters:quality(0)/2020/02/27/ungthucotucung-1582814645423.jpg
"Cô gái 29 tuổi vào viện với khối u “quái” 10kg, chảy dịch mủ, vỡ loét",https://icdn.dantri.com.vn/zoom/480_320/filters:quality(0)/2020/10/20/unnamed-8-1603187214073.jpg
Mẹ phát hiện con gái mắc bệnh ung thư hiếm gặp nhờ mạng xã hội,https://icdn.dantri.com.vn/zoom/480_320/filters:quality(0)/2020/10/21/me-phat-hien-con-gai-mac-benh-ung-thu-hiem-gap-nho-mang-xa-hoi-1-1603286899751.jpg
"Phụ nữ Việt bị ung thư vú ngày càng sớm, 4 dấu hiệu để nhận biết",https://icdn.dantri.com.vn/zoom/480_320/filters:quality(0)/2020/10/21/phu-nu-viet-bi-ung-thu-vu-ngay-cang-som-4-dau-hieu-de-nhan-biet-2-1603286553461.jpg
"Hàng loạt tòa nhà thắp sáng màu hồng, kêu gọi phòng chống ung thư vú",https://icdn.dantri.com.vn/zoom/480_320/filters:quality(0)/2020/10/20/landmark-81-tp-hcm-2-1603155092382.jpg
Nguy hiểm đến từ trào ngược dạ dày thực quản,https://icdn.dantri.com.vn/zoom/480_320/filters:quality(0)/2020/10/19/nguy-hiem-den-tu-trao-nguoc-da-day-thuc-quandocx-1603118295609.jpeg
5 loại ung thư được khuyến cáo sàng lọc,https://icdn.dantri.com.vn/zoom/480_320/filters:quality(0)/2020/10/20/dung-nghe-quang-cao-sang-loc-som-tat-ca-cac-benh-ung-thu-chi-co-5-loai-ung-thu-sau-co-khuyen-cao-sang-loc-1-1603127921253.jpg
4 bệnh ung thư gây đau đớn nhất,https://icdn.dantri.com.vn/zoom/480_320/filters:quality(0)/2020/10/19/painedman-1603096174617.jpg
"Những thói quen 'giết hại' gan, thận, nhiều người Việt làm hàng ngày",https://icdn.dantri.com.vn/zoom/480_320/filters:quality(0)/2020/10/20/ansangnhuthenaogiupcothegiamcan-1800-x-4001236-wpor-1603128671301.jpg
Chỉ điểm 3 loại ung thư thường gặp ở người trẻ tuổi,https://icdn.dantri.com.vn/zoom/480_320/filters:quality(0)/2020/10/18/159843565898357-p-84314731598524944829-1603021745700.jpg
Dấu hiệu của loại ung thư nguy hiểm dễ nhầm với các bệnh khác,https://icdn.dantri.com.vn/zoom/480_320/filters:quality(0)/2020/10/19/dau-hieu-cua-loai-ung-thu-nguy-hiem-de-nham-voi-cac-benh-khac-1-1603076109427.jpg
Ung thư dạ dày được tầm soát như thế nào?,https://icdn.dantri.com.vn/zoom/480_320/filters:quality(0)/2019/12/08/ungthudaday-1-1575772236943.jpg
"3 thực phẩm giá rẻ vừa thải độc gan, vừa phòng ung thư hiệu quả",https://icdn.dantri.com.vn/zoom/480_320/filters:quality(0)/2020/10/18/1734860-carot-1603030838545.jpg
"E ngại không đi khám, nhiều phụ nữ Việt phát hiện ung thư vú khi đã muộn",https://icdn.dantri.com.vn/zoom/480_320/filters:quality(0)/2020/10/18/tuoilayeutonguycocaocuaungthuvudocx-1582816216078-1602995930927.jpeg
Các giai đoạn phát triển của ung thư cổ tử cung do nhiễm HPV,https://icdn.dantri.com.vn/zoom/480_320/filters:quality(0)/2020/10/17/thuphamgayungthucotucung-1522382692321294365634-1602950415793.jpg
Dinh dưỡng cho người bệnh ung thư máu,https://icdn.dantri.com.vn/zoom/480_320/filters:quality(0)/2020/10/17/thitdo-1602950791606.jpg
Vì sao ăn mận khô giúp bạn tránh ung thư đại trực tràng?,https://icdn.dantri.com.vn/zoom/480_320/filters:quality(0)/2020/10/17/images-7-1602948935882.jpeg
Mách bạn cách phòng tránh ung thư miệng,https://icdn.dantri.com.vn/zoom/480_320/filters:quality(0)/2020/02/10/ungthukhoangmieng-1-1581326684690.jpg
Tiến bộ trong điều trị ung thư phổi giai đoạn di căn,https://icdn.dantri.com.vn/zoom/480_320/filters:quality(0)/2020/10/17/tien-bo-trong-dieu-tri-ung-thu-phoi-giai-doan-di-candocx-1602934070685.jpeg
"Phát hiện sớm ung thư phổi bằng phương pháp đơn giản, giá rẻ",https://icdn.dantri.com.vn/zoom/480_320/filters:quality(0)/2020/10/17/tien-bo-trong-dieu-tri-ung-thu-phoi-giai-doan-di-candocx-1602937739479.jpeg
Hay đau nhức về đêm có thể là dấu hiệu của loại ung thư nguy hiểm,https://icdn.dantri.com.vn/zoom/480_320/filters:quality(0)/2020/10/17/ungthuxuong-1602924583349.jpg
"Phát hiện cơ quan chưa từng biết trong cơ thể người, giúp chữa ung thư an toàn",https://icdn.dantri.com.vn/zoom/480_320/filters:quality(0)/2020/10/17/phat-hien-co-quan-chua-tung-biet-trong-co-the-nguoi-giup-chua-ung-thu-an-toan-1-1602947719778.jpg
Những dấu hiệu cảnh báo ung thư vòm họng,https://icdn.dantri.com.vn/zoom/480_320/filters:quality(0)/2020/10/17/ung-thu-vom-1602893743718.jpg
5 bệnh ung thư người Việt mắc nhiều nhất,https://icdn.dantri.com.vn/zoom/480_320/filters:quality(0)/2020/10/16/nhung-dieu-can-biet-ve-ung-thu-da-daydocx-1602855797574.jpeg
Những điều cần biết về bệnh ung thư phổ biến nhất ở nữ giới,https://icdn.dantri.com.vn/zoom/480_320/filters:quality(0)/2020/10/16/xetnghiemtamsoatungthuvu-1602832522475.jpg
"Người đàn ông chết vì ung thư gan dù chưa từng uống rượu, hút thuốc",https://icdn.dantri.com.vn/zoom/480_320/filters:quality(0)/2020/10/16/nguoi-dan-ong-chet-vi-ung-thu-gan-du-chua-tung-uong-ruou-hut-thuoc-1-1602857099409.jpg
Lý do khiến chàng trai 20 tuổi đã mắc ung thư gan,https://icdn.dantri.com.vn/zoom/480_320/filters:quality(0)/2020/10/16/muontranhungthugandayla-4-dieucanlamngaylaptuc-1602811035991.jpg
Loại rau sở hữu chất chống ung thư mạnh nhất bán đầy chợ Việt,https://icdn.dantri.com.vn/zoom/480_320/filters:quality(0)/2020/10/15/suploxanh-1602754733396.jpg
Dấu hiệu lộ trên mặt của ung thư phổi nhưng ít người biết,https://icdn.dantri.com.vn/zoom/480_320/filters:quality(0)/2020/10/16/dau-hieu-lo-tren-mat-cua-ung-thu-phoi-nhung-it-nguoi-biet-1-1602831194902.jpg
Mắc ung thư miệng vì thói quen ăn trầu để tỉnh táo khi lái xe,https://icdn.dantri.com.vn/zoom/480_320/filters:quality(0)/2020/10/15/img-3165-sm-1280-x-720-1602749579050.jpg
4 loại thức uống đứng hàng đầu về khả năng phòng ngừa ung thư,https://icdn.dantri.com.vn/zoom/480_320/filters:quality(0)/2020/10/15/homemadetomatojuicehoriza-1200-1602734601640.jpg
Dấu hiệu “chỉ điểm” loại ung thư đàn ông có nguy cơ cao gấp 3 lần nữ giới,https://icdn.dantri.com.vn/zoom/480_320/filters:quality(0)/2020/10/15/unnamed-1602737239449.jpg
Nhiều phụ nữ “tá hỏa” vì cơ thể mang tinh hoàn của nam giới,https://icdn.dantri.com.vn/zoom/480_320/filters:quality(0)/2020/10/15/cat-tinh-hoan-1602741097069.jpg
Món nhiều người Việt thích ăn hàng ngày tàn phá gan,https://icdn.dantri.com.vn/zoom/480_320/filters:quality(0)/2020/10/16/mon-nhieu-nguoi-viet-thich-an-hang-ngay-tan-pha-gan-1-1602855148938.jpg
Những ai cần đề phòng bệnh ung thư gan “ghé thăm”?,https://icdn.dantri.com.vn/zoom/480_320/filters:quality(0)/2020/01/19/ungthugan-09-1579419472620.png
Chị em cần lưu ý những điều này để phòng ung thư phụ khoa,https://icdn.dantri.com.vn/zoom/480_320/filters:quality(0)/2020/02/13/ungthubuongtrung-1-1581585362798.jpeg
Những dấu hiệu cảnh báo ung thư hạch bạn cần chú ý,https://icdn.dantri.com.vn/zoom/480_320/filters:quality(0)/2020/10/14/5-loai-ung-thu-co-kha-nang-chua-khoi-cao-nhatdocx-1602672485579.jpeg
"Người phụ nữ mắc 3 ung thư, truyền 47 lần hóa chất trong 4 năm",https://icdn.dantri.com.vn/zoom/480_320/filters:quality(0)/2020/10/15/nguoi-phu-nu-mac-3-ung-thu-truyen-47-lan-hoa-chat-trong-4-nam-1-1602751672155.jpg
Phẫu thuật giảm cân giúp giảm nguy cơ ung thư tuyến tụy,https://icdn.dantri.com.vn/zoom/480_320/filters:quality(0)/2020/10/14/phau-thuat-giam-can-giup-giam-nguy-co-ung-thu-tuyen-tuydocx-1602687837940.png
Quý ông có mất “của quý” khi điều trị ung thư dương vật?,https://icdn.dantri.com.vn/zoom/480_320/filters:quality(0)/2020/10/13/170109-penisproblemsagefeature-1602603085541.jpg
Những dấu hiệu cảnh báo ung thư đại trực tràng ít biết ở nữ giới,https://icdn.dantri.com.vn/zoom/480_320/filters:quality(0)/2020/10/13/stressgiconditions-1602604437501.jpg
4 bước phát hiện sớm ung thư cổ tử cung,https://icdn.dantri.com.vn/zoom/480_320/filters:quality(0)/2019/12/02/ungthucotucung-13-1575271661364.jpg
5 bệnh ung thư có khả năng chữa khỏi cao nhất,https://icdn.dantri.com.vn/zoom/480_320/filters:quality(0)/2020/10/13/5-loai-ung-thu-co-kha-nang-chua-khoi-cao-nhatdocx-1602593410830.jpeg
"Sau mổ ung thư đường tiêu hóa, ăn gì để cơ thể khỏe?",https://icdn.dantri.com.vn/zoom/480_320/filters:quality(0)/2020/10/13/dieu-benh-nhan-can-biet-sau-mo-ung-thu-duong-tieu-hoadocx-1602580114852.jpeg
FDA thu hồi thuốc điều trị tiểu đường vì nguy cơ gây ung thư,https://icdn.dantri.com.vn/zoom/480_320/filters:quality(0)/2020/10/12/20100913382901-fdarecalldiabetesmedicationexlarge-1691602404520729580220330-1602505756002.jpg
Ung thư cổ tử cung có thể điều trị khỏi nếu được phát hiện sớm,https://icdn.dantri.com.vn/zoom/480_320/filters:quality(0)/2020/10/12/xetnghiemungthucotucung-1539601041733239722809-1602505605855.jpg
Cảnh giác với những dấu hiệu dễ bị nhầm lẫn của ung thư phổi,https://icdn.dantri.com.vn/zoom/480_320/filters:quality(0)/2020/10/12/20191016040005470822-khantiengmax-800-x-800-1602505203498.jpg
Cẩn trọng với 3 loại ung thư chỉ lộ rõ khi đã ở giai đoạn cuối,https://icdn.dantri.com.vn/zoom/480_320/filters:quality(0)/2020/10/12/pancreacanceri-1200-x-6861-1602480911308.jpg
Cô gái trẻ bị bướu xương ác tính hiếm gặp,https://icdn.dantri.com.vn/zoom/480_320/filters:quality(0)/2020/10/12/13-1602496724919.jpg
"Bệnh viện Ung Bướu hiện đại, giải pháp chiến lược hút bệnh nhân nước ngoài",https://icdn.dantri.com.vn/zoom/480_320/filters:quality(0)/2020/10/12/anh-1602484687449.jpg
Sống lành mạnh có giúp phòng ngừa ung thư 100%?,https://icdn.dantri.com.vn/zoom/480_320/filters:quality(0)/2020/10/11/healthylifestyle-1602414839217.jpg
"Sau 3 tháng đau bả vai, bác sĩ bất ngờ phát hiện ung thư đã di căn",https://icdn.dantri.com.vn/zoom/480_320/filters:quality(0)/2020/10/11/images-7-1602427848613.jpeg
30% bệnh nhân ung thư chết vì suy kiệt: Giải pháp là gì?,https://icdn.dantri.com.vn/zoom/480_320/filters:quality(0)/2020/10/11/methodetimesprodmigrationwebbinc-9-a-2552-f-99-c-8362-a-9-faffda-5-d-7769-c-11-1602412953309.jpg
Làm thế nào để phòng tránh ung thư dạ dày?,https://icdn.dantri.com.vn/zoom/480_320/filters:quality(0)/2020/09/29/11824645724029494166779476720442427783097781-n-1601363948901.png
"Tiểu ra máu, đau vùng lưng hông: Có thể đã mắc loại ung thư nguy hiểm này",https://icdn.dantri.com.vn/zoom/480_320/filters:quality(0)/2020/10/09/kthan-1593570870377-1602238589800.jpg
Stress làm tăng nguy cơ ung thư như thế nào?,https://icdn.dantri.com.vn/zoom/480_320/filters:quality(0)/2020/10/07/anhhuongcuastresssk-7131508454083-1602080222340.jpg
Ung thư tuyến tiền liệt không còn đáng sợ,https://icdn.dantri.com.vn/zoom/480_320/filters:quality(0)/2020/10/11/1-1602428245058.png
Cà phê và những khả năng chống ung thư kinh ngạc được khoa học công nhận,https://icdn.dantri.com.vn/zoom/480_320/filters:quality(0)/2020/10/09/20201009153607-1602232604589.png
"Sau ghép thận, một số bệnh nhân bị biến chứng ung thư",https://icdn.dantri.com.vn/zoom/480_320/filters:quality(0)/2020/10/10/ghep-than-2-1602316389250.jpg
Ung thư được phát hiện sớm như thế nào?,https://icdn.dantri.com.vn/zoom/480_320/filters:quality(0)/2020/10/09/tamsoatungthusegiupphathientinhtrangbenhkipthoi-1-1602234013710.jpg
Những người nào có nguy cơ mắc ung thư dạ dày?,https://icdn.dantri.com.vn/zoom/480_320/filters:quality(0)/2020/10/09/4250384321553049813859801087198553538822144-n-15379781914931395790098-crop-156836704704230727802315683670980362102557600-1602261366506.png
3 dấu hiệu chỉ điểm ung thư ở đấng mày râu,https://icdn.dantri.com.vn/zoom/480_320/filters:quality(0)/2020/10/09/1223-credihealth-15477911988271661633457-1602237269808.jpg
Đối tượng nào cần tầm soát sớm ung thư gan?,https://icdn.dantri.com.vn/zoom/480_320/filters:quality(0)/2020/10/09/ugan-1600706633497145692686316007066420671959615544-1602260894967.png
Chấm dứt ngay 5 thói quen ăn uống này nếu không muốn bị ung thư thực quản,https://icdn.dantri.com.vn/zoom/480_320/filters:quality(0)/2020/10/09/ungthuthucquangiaidoancuoi-1545207604208163821231600008310737-1602236955267.jpg
"Cuộc chiến với 3 căn bệnh ung thư của người phụ nữ ""thép""",https://icdn.dantri.com.vn/zoom/480_320/filters:quality(0)/2020/10/07/z-2113884076136-b-55-dc-3-ff-5-bceb-5-b-07-cf-02-cf-24-cbb-96-a-8-1602070165705.jpg
Nhận biết ung thư phổi từ những biểu hiện tưởng thông thường,https://icdn.dantri.com.vn/zoom/480_320/filters:quality(0)/2020/10/09/nhan-biet-ung-thu-phoi-tu-nhung-bieu-hien-tuong-benh-nhedocx-1602209425305.jpeg
Đâu là loại ung thư phổ biến nhất?,https://icdn.dantri.com.vn/zoom/480_320/filters:quality(0)/2020/10/09/celulascancerosasc-1602234913684.jpg
Vì sao nhiều người Việt sang Nhật Bản có kết quả test nhanh Covid-19 sai?,https://icdn.dantri.com.vn/zoom/480_320/filters:quality(0)/2020/10/09/202008191629011597830121498-1602215869919.png
Cô gái trẻ mắc ung thư hối hận do mắc ba thói quen xấu,https://icdn.dantri.com.vn/zoom/480_320/filters:quality(0)/2020/10/09/co-gai-tre-mac-ung-thu-hoi-han-do-mac-ba-thoi-quen-xau-1-1602209720259.jpg
"Ung thư ""sợ"" thực phẩm có màu sắc gì nhất?",https://icdn.dantri.com.vn/zoom/480_320/filters:quality(0)/2020/10/07/orangefood-1602082674535.jpg
"2 vợ chồng mắc ung thư giai đoạn cuối vì ""nghiện"" hạt dưa",https://icdn.dantri.com.vn/zoom/480_320/filters:quality(0)/2020/10/08/160100186161622-p-8615658-1602131302566.jpg
Australia tìm ra cách chẩn đoán ung thư bằng hơi thở,https://icdn.dantri.com.vn/zoom/480_320/filters:quality(0)/2020/10/08/hoithooncologynewsaus-1601974591914780781630-1602172340700.jpg
Làm gì để biết chắc chắn mắc ung thư phổi?,https://icdn.dantri.com.vn/zoom/480_320/filters:quality(0)/2020/10/09/20190328023439150787-trieuchungungthupmax-800-x-800-1602208436874.png
8 loại hạt quyền năng giúp bạn chống lại bệnh ung thư,https://icdn.dantri.com.vn/zoom/480_320/filters:quality(0)/2020/10/07/20201007220606-1602083493897.png
Loại vỏ trái cây chống ung thư hiệu quả mà người Việt thường vứt bỏ,https://icdn.dantri.com.vn/zoom/480_320/filters:quality(0)/2020/10/08/tangcuongmiendichbangovchanhdunnong-1602134299965.jpg
Ung thư máu và những phương pháp điều trị,https://icdn.dantri.com.vn/zoom/480_320/filters:quality(0)/2020/09/05/couldleukemi-1599315660388.jpg
Bệnh viện Ung bướu cơ sở 2 với 1.000 giường bệnh đi vào hoạt động,https://icdn.dantri.com.vn/zoom/480_320/filters:quality(0)/2020/10/07/1-1602031688607.jpg
Nguyên nhân bất ngờ khiến 3 người trong gia đình cùng mắc 1 loại ung thư,https://icdn.dantri.com.vn/zoom/480_320/filters:quality(0)/2020/10/05/liuyishou-caroline-shin-eater-70-1601870158783.jpg
Những điều cần biết về ung thư dạ dày- căn bệnh nhiều người Việt dễ mắc,https://icdn.dantri.com.vn/zoom/480_320/filters:quality(0)/2020/10/07/nhung-dieu-can-biet-ve-ung-thu-da-daydocx-1602057180497.jpeg
"Ung thư phổi đặc biệt nguy hiểm, nhưng không phải dấu chấm hết",https://icdn.dantri.com.vn/zoom/480_320/filters:quality(0)/2020/09/12/ung-thu-pho-idocx-1599900487137.png
Vì sao chế độ ăn giàu chất xơ giúp phòng chống ung thư hiệu quả?,https://icdn.dantri.com.vn/zoom/480_320/filters:quality(0)/2020/10/06/highfiberfoodspictureid-1020930592-1601997210563.jpg
Phát hiện ung thư vú kịp thời nhờ bị... con gái huých vào ngực,https://icdn.dantri.com.vn/zoom/480_320/filters:quality(0)/2020/10/08/ungthu-16019783231831886457400-1602172461695.jpg
Bệnh nhân ung thư vú và những tổn thương không đến từ khối u,https://icdn.dantri.com.vn/zoom/480_320/filters:quality(0)/2020/10/06/original-1601921004973.jpg
Giải mã thực đơn ở đất nước nhiều thập kỷ không có bệnh nhân ung thư,https://icdn.dantri.com.vn/zoom/480_320/filters:quality(0)/2020/10/06/fishing-256-1601999751056.jpg
Biểu hiện ung thư lưỡi giai đoạn cuối,https://icdn.dantri.com.vn/zoom/480_320/filters:quality(0)/2020/06/28/ungthuluoi-1-1593302439214.jpg
Dấu hiệu đàn ông mắc căn bệnh tưởng chỉ có ở phụ nữ,https://icdn.dantri.com.vn/zoom/480_320/filters:quality(0)/2020/10/09/dau-hieu-dan-ong-mac-can-benh-tuong-chi-co-o-phu-nu-1-1602207989399.jpg
Nam giới có biểu hiện đi tiểu ra máu có phải mắc ung thư tuyến tiền liệt?,https://icdn.dantri.com.vn/zoom/480_320/filters:quality(0)/2020/02/12/ung-thu-tuyen-tien-liet-o-giai-doan-som-thuong-khong-co-dau-hieu-goi-y-ro-rang-va-da-so-cac-dau-hieu-cung-co-the-gap-o-cac-benh-ly-khacdocx-1581501461472.jpeg
6 thói quen đưa chúng ta đến gần hơn với ung thư,https://icdn.dantri.com.vn/zoom/480_320/filters:quality(0)/2020/10/05/adobe-stock-175165460-1601887752055.jpeg
Liệu pháp nhắm trúng đích trong điều trị ung thư vú,https://icdn.dantri.com.vn/zoom/480_320/filters:quality(0)/2020/10/09/utv-2-1602206593404.jpg
"Cảnh giác với biểu hiện đơn giản này, người phụ nữ phát hiện ung thư",https://icdn.dantri.com.vn/zoom/480_320/filters:quality(0)/2020/10/06/ung-thu-tuyen-giapdocx-1601940552293.png
Mắc ung thư tuyến giáp sống được bao lâu?,https://icdn.dantri.com.vn/zoom/480_320/filters:quality(0)/2019/10/25/ungthutuyengiap-1571995269619.jpg
Những điều con cái cần biết khi có bố mẹ mắc ung thư,https://icdn.dantri.com.vn/zoom/480_320/filters:quality(0)/2020/10/05/tac-dung-phu-cua-dieu-tri-noi-tietdocx-1601855211841.png
"Cùng nghiện món khoái khẩu này, vợ chồng 9X đều bị ung thư",https://icdn.dantri.com.vn/zoom/480_320/filters:quality(0)/2020/10/04/xongkhoi-11579358106402-1601808884980.jpg
Tác dụng phụ của điều trị nội tiết?,https://icdn.dantri.com.vn/zoom/480_320/filters:quality(0)/2020/10/05/tac-dung-phu-cua-dieu-tri-noi-tietdocx-1601854355163.png
"Khám, tầm soát ung thư vú miễn phí tại Bệnh viện Chợ Rẫy",https://icdn.dantri.com.vn/zoom/480_320/filters:quality(0)/2020/10/05/ung-thu-vu-1601859661373.jpg
Nguy cơ ung thư vòm họng từ thói quen ăn dưa muối xổi,https://icdn.dantri.com.vn/zoom/480_320/filters:quality(0)/2020/10/03/duamuoinhanaocungancomotloaikhongnenanvigayungthu-21580715431965-1-1601719884680.jpg
"Cần biết: Những loại thực phẩm làm sạch phổi, ngăn ngừa ung thư",https://icdn.dantri.com.vn/zoom/480_320/filters:quality(0)/2020/10/04/shutterstock-230518906-1601805196888.jpg
Ung thư đại trực tràng có do tính di truyền?,https://icdn.dantri.com.vn/zoom/480_320/filters:quality(0)/2020/10/09/ungthuluoi-09-docx-1602251228739.jpeg
Quy trình khám tầm soát ung thư dạ dày tại Bệnh viện K,https://icdn.dantri.com.vn/zoom/480_320/filters:quality(0)/2020/10/09/nhan-biet-ung-thu-phoi-tu-nhung-bieu-hien-tuong-benh-nhedocx-1602214143494.png
20 dấu hiệu ung thư phụ nữ không nên bỏ qua,https://icdn.dantri.com.vn/zoom/480_320/filters:quality(0)/2020/10/04/phu-nu-1601788852643.jpg
Các phương pháp điều trị ung thư tuyến tiền liệt,https://icdn.dantri.com.vn/zoom/480_320/filters:quality(0)/2020/06/22/ungthutuyentienliet-12-1592813635264.jpg
Uống cà phê mỗi ngày giúp giảm đến 53% nguy cơ ung thư não,https://icdn.dantri.com.vn/zoom/480_320/filters:quality(0)/2020/10/02/getty-938993594401542-1601608342294.jpg
Điều trị ung thư lưỡi như thế nào để đạt hiệu quả tốt nhất?,https://icdn.dantri.com.vn/zoom/480_320/filters:quality(0)/2020/10/09/ungthuluoi-09-docx-1602249839129.jpeg
Loại ung thư liên quan đến bệnh tình dục đáng sợ gấp bội,https://icdn.dantri.com.vn/zoom/480_320/filters:quality(0)/2020/10/09/loai-ung-thu-lien-quan-den-benh-tinh-duc-dang-so-gap-boi-1-1602207773986.jpg
5 lợi ích của việc tập thể dục với bệnh nhân ung thư,https://icdn.dantri.com.vn/zoom/480_320/filters:quality(0)/2020/10/09/nhan-biet-ung-thu-phoi-tu-nhung-bieu-hien-tuong-benh-nhedocx-1602213285153.jpeg
"Bất ngờ với khả năng phòng, chống ung thư của loại gia vị giá rẻ",https://icdn.dantri.com.vn/zoom/480_320/filters:quality(0)/2020/09/26/unnamed-1601127667713.jpg
Các nguyên nhân gây ung thư dạ dày bạn cần thuộc lòng,https://icdn.dantri.com.vn/zoom/480_320/filters:quality(0)/2020/10/09/nhan-biet-ung-thu-phoi-tu-nhung-bieu-hien-tuong-benh-nhedocx-1602212986834.jpeg
"Thường xuyên nhậu vì công việc, chàng trai 28 tuổi mất vì ung thư dạ dày",https://icdn.dantri.com.vn/zoom/480_320/filters:quality(0)/2020/10/02/biaruou-1555940623123-1601636374904.jpg
Ung thư vòm họng nguy hiểm thế nào?,https://icdn.dantri.com.vn/zoom/480_320/filters:quality(0)/2020/10/09/ung-thu-vom-hong-nguy-hiem-the-nao-1-1602208622745.jpg
Những sự thật bất ngờ về căn bệnh ung thư phổ biến nhất ở đàn ông Việt,https://icdn.dantri.com.vn/zoom/480_320/filters:quality(0)/2020/10/02/liver-cancer-1601615486732.jpg
Nguyên tắc xây dựng chế độ ăn uống và sinh hoạt cho bệnh nhân ung thư,https://icdn.dantri.com.vn/zoom/480_320/filters:quality(0)/2020/09/30/plate-web-new-1601478080636.jpg
Các triệu chứng gây bất ngờ của ung thư phổi,https://icdn.dantri.com.vn/zoom/480_320/filters:quality(0)/2020/10/09/cac-trieu-chung-gay-bat-ngo-cua-ung-thu-phoi-1-1602208980498.jpg
Người đầu tiên được chữa khỏi HIV đã qua đời vì bệnh ung thư,https://icdn.dantri.com.vn/zoom/480_320/filters:quality(0)/2020/10/02/hiv-2-docx-1601594914781.png
Tìm ra cách tiêu diệt tế bào ung thư không cần đến thuốc,https://icdn.dantri.com.vn/zoom/480_320/filters:quality(0)/2020/09/28/nano-160096581884466037383-1601308976850.jpg
Thuốc lá và bệnh ung thư,https://icdn.dantri.com.vn/zoom/480_320/filters:quality(0)/2020/10/09/nhan-biet-ung-thu-phoi-tu-nhung-bieu-hien-tuong-benh-nhedocx-1602210472439.jpeg
Các yếu tố nguy cơ của bệnh ung thư vú,https://icdn.dantri.com.vn/zoom/480_320/filters:quality(0)/2020/02/14/ungthuvu-76-1581655392736.jpg
"Bệnh nhân ung thư ăn gì để giảm tác dụng phụ hóa, xạ trị?",https://icdn.dantri.com.vn/zoom/480_320/filters:quality(0)/2020/09/30/healthy-eatingtrongtiepthi-1601478080606.jpg
Cách phòng tránh ung thư phổi,https://icdn.dantri.com.vn/zoom/480_320/filters:quality(0)/2020/10/09/nhan-biet-ung-thu-phoi-tu-nhung-bieu-hien-tuong-benh-nhedocx-1602210161361.jpeg
Những phụ nữ nào cần khám sàng lọc ung thư cổ tử cung,https://icdn.dantri.com.vn/zoom/480_320/filters:quality(0)/2020/02/27/ungthucotucung-1582814645423.jpg
"Từ bỏ thói quen này giúp người Việt tránh xa tăng huyết áp, ung thư dạ dày",https://icdn.dantri.com.vn/zoom/480_320/filters:quality(0)/2020/09/30/20190731085321791384-muoimax-800-x-800-1601480140447.png
Những người dễ mắc ung thư dạ dày,https://icdn.dantri.com.vn/zoom/480_320/filters:quality(0)/2019/12/08/ungthudaday-1-1575772236943.jpg
Làm gì để phát hiện ung thư cổ tử cung?,https://icdn.dantri.com.vn/zoom/480_320/filters:quality(0)/2020/10/09/20190415085411950959-buoctientrongxetnmax-800-x-800-1602212356991.jpg
"Siêng ăn, uống 5 thứ này, nguy cơ ung thư ruột giảm 8-43%",https://icdn.dantri.com.vn/zoom/480_320/filters:quality(0)/2020/10/09/sieng-an-uong-5-thu-nay-nguy-co-ung-thu-ruot-giam-843-1-1602208825256.jpg
Những nghệ sĩ Việt chiến thắng kẻ thù ung thư,https://icdn.dantri.com.vn/zoom/480_320/filters:quality(0)/2020/10/02/thumb-1601627636478.png
“Tôi chưa bao giờ cho phép mình nghĩ đến cái chết”,https://icdn.dantri.com.vn/zoom/480_320/filters:quality(0)/2020/09/30/duc-thinh-1601431613568.jpeg
"Mẹ, con gái, con trai cùng mắc ung thư tuyến giáp",https://icdn.dantri.com.vn/zoom/480_320/filters:quality(0)/2020/02/23/ungthutuyengiap-11-1582429382239.jpg
6 yếu tố làm tăng nguy cơ mắc bệnh ung thư thực quản,https://icdn.dantri.com.vn/zoom/480_320/filters:quality(0)/2020/04/08/ungthuthucquan-1-1586356124700.jpg
Làm gì để phòng ung thư đại trực tràng,https://icdn.dantri.com.vn/zoom/480_320/filters:quality(0)/2020/10/09/ungthuluoi-09-docx-1602253340598.jpeg
"Thực phẩm nào tốt, không tốt với bệnh nhân ung thư máu?",https://icdn.dantri.com.vn/zoom/480_320/filters:quality(0)/2020/09/29/29293111111-1601387463759.jpg
Con người đang ở đâu trong cuộc chiến với ung thư?,https://icdn.dantri.com.vn/zoom/480_320/filters:quality(0)/2020/09/25/90448-i-stock-820510734-jpg-3-e-5-ff-8-c-60-ca-34311-b-4-d-52-f-390378-c-885-1601045303334.jpeg
6 loại quả chống ung thư đầu bảng luôn sẵn có ở chợ Việt,https://icdn.dantri.com.vn/zoom/480_320/filters:quality(0)/2020/09/28/luu-15652358207051760046185-1601306731113.jpg
Đũa có dấu hiệu này cần vứt bỏ ngay để tránh rước ung thư vào người,https://icdn.dantri.com.vn/zoom/480_320/filters:quality(0)/2020/09/28/thoiquenruaduagaybenh-315362249102602093907335-1601308471415.png
Các dấu hiệu sớm của ung thư không được bỏ qua,https://icdn.dantri.com.vn/zoom/480_320/filters:quality(0)/2020/10/09/cac-dau-hieu-som-cua-ung-thu-khong-duoc-bo-qua-1-1602254283938.jpg
Cô gái trẻ mang khối u ung thư buồng trứng khổng lồ,https://icdn.dantri.com.vn/zoom/480_320/filters:quality(0)/2020/09/28/co-gai-tre-mang-khoi-u-ung-thu-buong-trung-khong-lo-1-1601292614493.jpeg
"Ngăn chặn ung thư tuyến giáp bằng nội soi qua ngã nách, quầng vú",https://icdn.dantri.com.vn/zoom/480_320/filters:quality(0)/2020/09/28/benhungthutuyengiap-1529649063665857793466-1601262094382.jpg
Nhóm máu nào có nguy cơ mắc ung thư cao?,https://icdn.dantri.com.vn/zoom/480_320/filters:quality(0)/2020/09/27/images-1577123-nhommauprgr-1601197372966.jpg
"Nhịn ăn có tăng hiệu quả hóa trị, điều trị ung thư?",https://icdn.dantri.com.vn/zoom/480_320/filters:quality(0)/2020/09/08/what-is-intermittent-fasting-1599535886489.jpg
Nguy cơ ung thư từ tình trạng tinh hoàn ẩn,https://icdn.dantri.com.vn/zoom/480_320/filters:quality(0)/2020/09/27/20190708090315307156-antinhhoanotremax-1800-x-1800-1601198921126.jpg
Các giai đoạn ung thư thực quản,https://icdn.dantri.com.vn/zoom/480_320/filters:quality(0)/2020/02/04/ungthuthucquan-1-1580801332119.jpg
"Bộ phận này dày lên, phụ nữ nguy cơ mắc ung thư tử cung",https://icdn.dantri.com.vn/zoom/480_320/filters:quality(0)/2020/10/09/bo-phan-nay-day-len-phu-nu-nguy-co-mac-ung-thu-tu-cung-1-1602249356582.jpg
Triệu chứng ban đêm của bệnh ung thư chỉ đàn ông mới mắc,https://icdn.dantri.com.vn/zoom/480_320/filters:quality(0)/2020/09/23/trieu-chung-ban-dem-cua-benh-ung-thu-chi-dan-ong-moi-mac-1-1600795436784.jpg
"Thuốc lá “âm thầm” cướp đi sinh mạng của 8,2 triệu người trên toàn cầu",https://icdn.dantri.com.vn/zoom/480_320/filters:quality(0)/2020/09/27/thuocladientu-1-1601178086536.jpg
Những vết mẩn đỏ cảnh báo căn bệnh ung thư phổ biến,https://icdn.dantri.com.vn/zoom/480_320/filters:quality(0)/2020/09/23/vet-1600795145689.jpg
Những ai có nguy cơ mắc ung thư tuyến giáp cao nhất?,https://icdn.dantri.com.vn/zoom/480_320/filters:quality(0)/2020/09/26/uttuyengiap-21498449505521-1601128696443.jpeg
Thử nghiệm lâm sàng phân tử chống ung thư đầy hứa hẹn,https://icdn.dantri.com.vn/zoom/480_320/filters:quality(0)/2019/07/02/phan-tu-1562024744264.jpg
Dấu hiệu sớm nhận biết ung thư phổi,https://icdn.dantri.com.vn/zoom/480_320/filters:quality(0)/2020/09/12/ung-thu-pho-idocx-1599900506693.png
Nga phát hiện chất chống ung thư khi nghiên cứu thuốc trị Covid-19,https://icdn.dantri.com.vn/zoom/480_320/filters:quality(0)/2020/09/24/ngatass-16009258652021864333743-1600966077975.jpg
6 nhóm phụ nữ có nguy cơ mắc ung thư vú cao nhất,https://icdn.dantri.com.vn/zoom/480_320/filters:quality(0)/2020/09/25/breastcancerawarenesspinkribbonforsupportingpeoplelivingandillnesswomenhealthcareandt-2098-y-z-9-y-1601029803189.jpg
Bệnh nhẹ hóa ung thư chỉ vì không nghe bác sĩ nhập viện điều trị,https://icdn.dantri.com.vn/zoom/480_320/filters:quality(0)/2020/09/26/ungthunoimactucung-1601078064002.jpg
Xạ trị điều biến liều trong điều trị ung thư,https://icdn.dantri.com.vn/zoom/480_320/filters:quality(0)/2020/09/24/xatri-1600966237740.jpg
Hành và tỏi sẽ cứu ruột khỏi bệnh ung thư,https://icdn.dantri.com.vn/zoom/480_320/filters:quality(0)/2019/03/05/hanh-toi-1551751136493.jpg
Gần một nửa số trẻ em bị ung thư không được chẩn đoán từ trước,https://icdn.dantri.com.vn/zoom/480_320/filters:quality(0)/2019/02/28/ung-thudocx-1551327489001.png
Tôi đã vượt qua đau nhức xương khớp thế nào?,https://icdn.dantri.com.vn/zoom/480_320/filters:quality(0)/2020/09/25/unnamed-2-1601026617545.jpg
Giọng hát của người đàn ông sau hành trình chiến thắng ung thư vòm họng,https://icdn.dantri.com.vn/zoom/480_320/filters:quality(0)/2020/09/25/unnamed-8-1601027347029.jpg
Làm thế nào để phòng tránh ung thư?,https://icdn.dantri.com.vn/zoom/480_320/filters:quality(0)/2020/08/30/chedoanungthu-1598745543260.jpg
Chế độ ăn uống phản khoa học gây ung thư gan như thế nào?,https://icdn.dantri.com.vn/zoom/480_320/filters:quality(0)/2020/09/23/a-85-bd-40-a-0771-fb-2-fa-2601595237070859-1600874304953.jpg
Người phụ nữ 15 năm chiến đấu với ung thư máu,https://icdn.dantri.com.vn/zoom/480_320/filters:quality(0)/2020/09/24/nguoi-phu-nu-15-nam-chien-dau-voi-ung-thu-mau-1-1600956613826.jpg
Giấc ngủ giúp chống ung thư và lão hóa,https://icdn.dantri.com.vn/zoom/480_320/filters:quality(0)/2019/03/08/ung-thu-1552000861857.jpg
Uống trà quá nóng làm tăng nguy cơ ung thư thực quản,https://icdn.dantri.com.vn/zoom/480_320/filters:quality(0)/2019/03/22/tradocx-1553210616288.jpeg
Trung thu yêu thương – Đồng hành cùng chiến binh nhí chiến thắng ung thư,https://icdn.dantri.com.vn/zoom/480_320/filters:quality(0)/2020/09/24/2409-sua-trung-thu-yeu-thuong-genk-stf-cung-chien-binh-nhi-chien-thang-ung-thu-1-docx-1600927748076.jpeg
30 phút tập thể dục mỗi ngày giúp giảm 20% nguy cơ ung thư,https://icdn.dantri.com.vn/zoom/480_320/filters:quality(0)/2020/09/23/190830-betterworkoutdumbbellsse-634-pe-13-de-0-ab-54-d-3-af-191094137-c-3-e-1-d-7-af-8-nbcnewsfp-1200630-1600877588123.jpg
Phụ nữ cần làm gì để phát hiện sớm ung thư cổ tử cung?,https://icdn.dantri.com.vn/zoom/480_320/filters:quality(0)/2020/09/20/128541640-aurinesamplemaysignaltheendofsmeartestsresearchsuggesa-61572872677954-1600597750378.jpg
Bí quyết giúp giảm nguy cơ mắc ung thư tuyến tiền liệt,https://icdn.dantri.com.vn/zoom/480_320/filters:quality(0)/2020/09/23/ungthutienlietuy-1-n-1600855044897.jpg
Cảnh báo gia tăng tình trạng ung thư đại trực tràng ở thanh niên,https://icdn.dantri.com.vn/zoom/480_320/filters:quality(0)/2019/03/04/ungthudocx-1551670196270.png
"Tưởng béo bụng, hùng hục tập thể dục nhưng không ngờ đó là ung thư",https://icdn.dantri.com.vn/zoom/480_320/filters:quality(0)/2020/10/09/tuongbeobungnguoiphunuhunghuctaptheducnhungkhongngodolaungthu-11600760366993-width-1060-height-596-1602238955454.jpg
"Phương pháp mới giúp vô hiệu khả năng ""qua mặt"" hệ miễn dịch của ung thư",https://icdn.dantri.com.vn/zoom/480_320/filters:quality(0)/2020/09/11/i-stock-1134170857696-x-392-1599842416978.jpg
Giảm bạch cầu khi hóa trị ung thư,https://icdn.dantri.com.vn/zoom/480_320/filters:quality(0)/2020/06/29/phat-hien-thu-ngay-trong-co-the-khoa-duoc-ung-thu-gan-1-1593402233897.jpg
Kẽm giúp bảo vệ cơ thể trước nhiều loại ung thư nguy hiểm,https://icdn.dantri.com.vn/zoom/480_320/filters:quality(0)/2020/09/21/whatyouneedtoknowabout-zincresized-1600701900980.jpg
"Tầm soát, điều trị ung thư vú ngay tại bệnh viện phụ sản",https://icdn.dantri.com.vn/zoom/480_320/filters:quality(0)/2020/09/22/y-te-1600770329330.jpg
Phụ nữ không con thường dễ mắc ung thư hơn người có con,https://icdn.dantri.com.vn/zoom/480_320/filters:quality(0)/2019/02/27/phu-nu-khong-con-thuong-de-mac-ung-thu-hon-nguoi-co-con-1-docx-1551262227677.png
Tưởng chỉ bị tưa lưỡi hóa ra “mầm mống” của ung thư,https://icdn.dantri.com.vn/zoom/480_320/filters:quality(0)/2020/09/22/bachsanluoi-1600760823098.jpg
Những nghệ sĩ Việt chiến thắng bệnh ung thư,https://icdn.dantri.com.vn/zoom/480_320/filters:quality(0)/2020/09/22/veve-1360-x-241-1600749741880.jpg
Điều quý ông cần biết để tránh ung thư tiền liệt tuyến,https://icdn.dantri.com.vn/zoom/480_320/filters:quality(0)/2020/06/22/ungthutuyentienliet-10-1592813536402.jpg
"Bị viêm dạ dày, cần ăn gì để phòng ngừa nguy cơ khởi phát ung thư?",https://icdn.dantri.com.vn/zoom/480_320/filters:quality(0)/2020/09/21/stomachache-740-x-400-1600697577268.jpg
"Người đàn ông xuất tinh ra máu, hốt hoảng đi khám được chẩn đoán mắc ung thư",https://icdn.dantri.com.vn/zoom/480_320/filters:quality(0)/2020/10/09/nguoidanongxuattinhramauhoanghondikhambacsiduocchandoanmacungthu-21599719319303-width-640-height-491-1602239778977.jpg
"Vợ bị ung thư sau cái chết của chồng, bác sĩ tiết lộ nguyên nhân",https://icdn.dantri.com.vn/zoom/480_320/filters:quality(0)/2020/10/09/vobiungthuvusaucaichetcuachongbacsitietlonguyennhangaybenhkhienaicungbatngo-58159918526644-width-1080-height-720-1602240625883.jpg
Đau rát khi xuất tinh có thể là dấu hiệu của loại ung thư nguy hiểm,https://icdn.dantri.com.vn/zoom/480_320/filters:quality(0)/2020/09/20/painfulejaculation-1600596582930.jpg
Gia đình 4 người bị ung thư do 1 loại chất độc thường có trong nhà bếp,https://icdn.dantri.com.vn/zoom/480_320/filters:quality(0)/2020/10/09/1599450430845-thumbnailwidth-640-height-480-schemaarticle-1602240384554.jpg
"Nghiện rượu, thuốc lào, người đàn ông mắc 2 bệnh ung thư cùng lúc",https://icdn.dantri.com.vn/zoom/480_320/filters:quality(0)/2020/05/14/ungthudaday-1-1589468785980.jpg
Ho dai dẳng và đau vùng lưng dưới: Nguy cơ ung thư phổi,https://icdn.dantri.com.vn/zoom/480_320/filters:quality(0)/2020/09/14/electricbackpainshutterstock-679224700-1600098531165.jpg
Dấu hiệu điển hình nhất của các bệnh ung thư phổ biến,https://icdn.dantri.com.vn/zoom/480_320/filters:quality(0)/2020/09/17/womancoughsickillcoldfever-1600338098360.jpg
Thử nghiệm chỉnh sửa gene để điều trị bệnh ung thư,https://icdn.dantri.com.vn/zoom/480_320/filters:quality(0)/2019/04/20/genedocx-1555718674759.jpeg
Khám phá ra cách ngăn chặn ung thư di căn,https://icdn.dantri.com.vn/zoom/480_320/filters:quality(0)/2019/05/09/ungthu-1-docx-1557358856999.jpeg
Các dấu hiệu cảnh báo ung thư dạ dày bạn không nên bỏ qua,https://icdn.dantri.com.vn/zoom/480_320/filters:quality(0)/2020/01/12/ungthudaday-1-1578836452877.jpg
Phòng ung thư vừa tiết kiệm vừa hiệu quả cao hãy chọn bắp cải tím,https://icdn.dantri.com.vn/zoom/480_320/filters:quality(0)/2020/09/19/20200919164521-1600508734467.png
Có những dấu hiệu này hãy nghĩ đến ung thư tụy,https://icdn.dantri.com.vn/zoom/480_320/filters:quality(0)/2020/09/19/1-1600527548350.jpg
Ung thư thực quản được điều trị như thế nào?,https://icdn.dantri.com.vn/zoom/480_320/filters:quality(0)/2020/09/13/i-stock-1069315710-1600008356701.jpg
Căn bệnh ung thư tụy cố nhạc sĩ Phó Đức Phương mắc phải nguy hiểm thế nào?,https://icdn.dantri.com.vn/zoom/480_320/filters:quality(0)/2020/09/19/20190913141203357532-sanglocungthutuymax-800-x-800-1600506686270.jpg
Những thực phẩm hàng đầu để ngăn ngừa mầm mống ung thư,https://icdn.dantri.com.vn/zoom/480_320/filters:quality(0)/2020/09/18/c-672-c-03-c-737-a-9-a-24-c-36-b-1553154033847974239221-1600442517514.jpg
20 dấu hiệu cho thấy tuyến tụy của bạn đang “kêu cứu”,https://icdn.dantri.com.vn/zoom/480_320/filters:quality(0)/2020/09/18/tuyen-tuy-1600439207041.jpg
"Cắt bỏ khối u tuyến giáp phức tạp, xâm lấn vào khí quản, thực quản",https://icdn.dantri.com.vn/zoom/480_320/filters:quality(0)/2020/09/19/ungthugiap-16003585910821244415928-crop-1600358602345883797637-1600523933510.jpg
Phát hiện thêm tác dụng chống ung thư của cà phê,https://icdn.dantri.com.vn/zoom/480_320/filters:quality(0)/2020/09/19/ca-phe-1600472856622.jpg
Loại ung thư da nào khó điều trị nhất?,https://icdn.dantri.com.vn/zoom/480_320/filters:quality(0)/2020/09/17/hacto-1537366997696474290327-1600334782003.jpg
Đau do ung thư có thể kiểm soát được,https://icdn.dantri.com.vn/zoom/480_320/filters:quality(0)/2020/09/19/bnungthu-1600524076820.jpg
Phát triển phương pháp không phẫu thuật để tiêu diệt các tế bào ung thư,https://icdn.dantri.com.vn/zoom/480_320/filters:quality(0)/2020/02/26/ung-thu-1582675582677.jpg
Hạt nano vàng phát hiện tín hiệu từ tế bào ung thư,https://icdn.dantri.com.vn/zoom/480_320/filters:quality(0)/2020/03/03/nanodocx-1583222286298.jpeg
Đau thượng vị- dấu hiệu “đỏ” cảnh báo ung thư dạ dày hay bị bỏ qua,https://icdn.dantri.com.vn/zoom/480_320/filters:quality(0)/2020/05/14/ungthudaday-1-1589468785980.jpg
"Sờ thấy hạch ở cổ, có phải đã mắc ung thư tuyến giáp?",https://icdn.dantri.com.vn/zoom/480_320/filters:quality(0)/2020/09/17/uongnuoccungnghendauhieucanhbaoungthuthucquanungthuthucquan-1592192329969-width-1200-height-800-1600353693193.jpeg
Xạ hình xương - Phương pháp chẩn đoán ung thư di căn xương,https://icdn.dantri.com.vn/zoom/480_320/filters:quality(0)/2020/09/17/hinhanhdican-1600334032598316998547-1600354204121.jpg
Đa số phụ nữ không biết các triệu chứng ung thư quan trọng này,https://icdn.dantri.com.vn/zoom/480_320/filters:quality(0)/2020/09/17/da-so-1600346724767.jpg
"Phát hiện ung thư giai đoạn cuối ở tuổi 40, dù thường xuyên tập thể dục",https://icdn.dantri.com.vn/zoom/480_320/filters:quality(0)/2020/09/16/lungcancerthefacts-1600251151333.jpg
Sử dụng “học máy” có thể phát hiện sớm ung thư phổi,https://icdn.dantri.com.vn/zoom/480_320/filters:quality(0)/2020/03/27/ungthudocx-1585265188151.jpeg
Những sự thật bất ngờ về khả năng chống ung thư của nước trà,https://icdn.dantri.com.vn/zoom/480_320/filters:quality(0)/2020/09/15/green-tea-linked-with-a-longer-and-healthier-life-1600148400050.jpg
Phẫu thuật bắc cầu mạch vành “sống” trên bệnh nhân ung thư,https://icdn.dantri.com.vn/zoom/480_320/filters:quality(0)/2020/09/16/mo-tim-1-1600253781374.jpg
Rượu làm tăng nguy cơ ung thư vú ở phụ nữ,https://icdn.dantri.com.vn/zoom/480_320/filters:quality(0)/2019/06/21/ungthudocx-1561072550287.png
Công nghệ tia laser mới có thể “tiêu diệt” các tế bào ung thư máu,https://icdn.dantri.com.vn/zoom/480_320/filters:quality(0)/2019/06/14/ungthu-2-docx-1560471573756.jpeg
Bất ngờ với cách phòng bệnh ung thư đường ruột,https://icdn.dantri.com.vn/zoom/480_320/filters:quality(0)/2019/06/20/sua-chua-1560988659871.jpg
Xét nghiệm nước tiểu có thể giúp phát hiện ung thư tuyến tiền liệt sớm,https://icdn.dantri.com.vn/zoom/480_320/filters:quality(0)/2019/06/27/xetnghiepdocx-1561592444948.jpeg
Bốn bất thường sau bữa ăn cảnh báo ung thư dạ dày,https://icdn.dantri.com.vn/zoom/480_320/filters:quality(0)/2020/09/13/bon-bat-thuong-sau-bua-an-canh-bao-ung-thu-da-day-1-1600009646655.jpg
Thiếu ngủ làm tăng nguy cơ ung thư như thế nào?,https://icdn.dantri.com.vn/zoom/480_320/filters:quality(0)/2020/09/15/145010161231-matngu-1600185970457.jpg
"Sợ lãng phí thức ăn, thường xuyên ăn uống kiểu này, người mẹ 3 con bị ung thư đại trực tràng",https://icdn.dantri.com.vn/zoom/480_320/filters:quality(0)/2020/10/09/1600222858349-thumbnailwidth-640-height-480-1602239364964.jpg
"Danh ca Ý Lan: ""Tôi từng nghĩ mình sắp chết""",https://icdn.dantri.com.vn/zoom/480_320/filters:quality(0)/2020/10/02/ylan-1601626324063.png
"Chàng trai 27 tuổi bị ung thư gan, một thói quen trước khi đi ngủ đã làm hại anh",https://icdn.dantri.com.vn/zoom/480_320/filters:quality(0)/2020/09/10/chang-trai-27-tuoi-bi-ung-thu-gan-va-khong-the-phau-thuat-bac-si-noi-rang-mot-thoi-quen-truoc-khi-di-ngu-da-lam-hai-anh-1-1599754807427.jpg
Vitamin C liều cao giúp chiến đấu với bệnh ung thư máu,https://icdn.dantri.com.vn/zoom/480_320/filters:quality(0)/2017/vitamin-1503102850893.jpg
Hạn chế khô miệng trong xạ trị ung thư vùng đầu - cổ,https://icdn.dantri.com.vn/zoom/480_320/filters:quality(0)/2020/09/10/khomieng-1-1599754654200.jpg
"Loại ""vua trái cây"" luôn sẵn có ở chợ Việt là khắc tinh của ung thư",https://icdn.dantri.com.vn/zoom/480_320/filters:quality(0)/2020/09/14/thinkstock-photos-513950824-w-1600100545496.jpg
Bé gái 8 tuổi được ghép tế bào gốc tự thân thành công,https://icdn.dantri.com.vn/zoom/480_320/filters:quality(0)/2020/09/14/fbimg-1600079355091-1600079580308.jpg
Du hành vào vũ trụ không làm tăng nguy cơ ung thư,https://icdn.dantri.com.vn/zoom/480_320/filters:quality(0)/2019/07/10/duhanhdocx-1562715465795.jpeg
Thuốc trào ngược dạ dày có thể làm tăng nguy cơ phát triển ung thư dạ dày,https://icdn.dantri.com.vn/zoom/480_320/filters:quality(0)/2019/09/30/ungthu-1-docx-1569799071541.jpeg
Trí tuệ nhân tạo có thể chẩn đoán ung thư hiệu quả như con người,https://icdn.dantri.com.vn/zoom/480_320/filters:quality(0)/2019/09/27/a-idocx-1569541248240.jpeg
"Vì sao hệ miễn dịch ""bất lực"" trước tế bào ung thư?",https://icdn.dantri.com.vn/zoom/480_320/filters:quality(0)/2020/09/13/ezgifcomvideotogif-221592450826152-1600009317085.gif
"Vì sao người thừa cân, béo phì dễ mắc nhiều bệnh ung thư?",https://icdn.dantri.com.vn/zoom/480_320/filters:quality(0)/2020/09/13/cancertop-703701-1600008761406.jpg
Đàn ông bị ung thư vú có tỷ lệ sống thấp hơn phụ nữ,https://icdn.dantri.com.vn/zoom/480_320/filters:quality(0)/2019/10/06/dan-ong-bi-ung-thu-vu-co-ty-le-song-thap-hon-phu-nudocx-1570320836379.jpeg
Một số vi khuẩn đường ruột có thể làm tăng nguy cơ ung thư ruột,https://icdn.dantri.com.vn/zoom/480_320/filters:quality(0)/2019/11/05/ruotdocx-1572909919562.jpeg
Xét nghiệm máu phát hiện sớm ung thư phổi,https://icdn.dantri.com.vn/zoom/480_320/filters:quality(0)/2020/10/09/ungthuphoi-1602235930356.jpg
"Đâu là ""giai đoạn vàng"" để chiến thắng ung thư trên mặt trận tâm lý?",https://icdn.dantri.com.vn/zoom/480_320/filters:quality(0)/2020/09/10/whatcancerpatientsreallywanttohear-1599732181967.png
Đi khám khàn tiếng cô gái 28 tuổi sốc khi biết bị ung thư tuyến giáp di căn,https://icdn.dantri.com.vn/zoom/480_320/filters:quality(0)/2020/09/13/photo-15325049655771532504965577700895499-1599970398854.jpg
"""Giải mã"" loại virus gây nên căn bệnh ung thư nguy hiểm ở phụ nữ",https://icdn.dantri.com.vn/zoom/480_320/filters:quality(0)/2020/09/12/201905140900130751394-eb-virus-hp-vtunhimax-1800-x-1800-1599882477640.jpg
Giun tròn ký sinh có thể phát hiện ra người mắc bệnh ung thư,https://icdn.dantri.com.vn/zoom/480_320/filters:quality(0)/2020/03/02/no-1-docx-1583107529197.png
Kỹ thuật tạo ra vật liệu nano giúp phát hiện sớm ung thư,https://icdn.dantri.com.vn/zoom/480_320/filters:quality(0)/2020/03/04/nano-11-docx-1583278136566.jpeg
Các nhà khoa học chữa khỏi hoàn toàn một loại ung thư ở chuột,https://icdn.dantri.com.vn/zoom/480_320/filters:quality(0)/2020/03/11/ung-thu-1583882947081.jpg
Các nhà khoa học chế ra thuốc chữa ung thư từ nọc độc bọ cạp,https://icdn.dantri.com.vn/zoom/480_320/filters:quality(0)/2020/07/08/bo-cap-1594181007140.jpg
Góc nhìn đẹp đẽ về cuộc đời của chàng thanh niên 31 tuổi bị ung thư,https://icdn.dantri.com.vn/zoom/480_320/filters:quality(0)/2020/09/11/3-1599819873425.jpg
4 nguyên tắc phòng ngừa ung thư thực quản từ mâm cơm hàng ngày,https://icdn.dantri.com.vn/zoom/480_320/filters:quality(0)/2020/09/12/healthy-eatingtrongtiepthi-1599843900058.jpg
Tìm ra phương thức hiệu quả để trừ diệt tế bào ung thư?,https://icdn.dantri.com.vn/zoom/480_320/filters:quality(0)/2020/03/19/ung-thu-1584581690562.jpg
Nấm ma thuật có thể hỗ trợ đối với bệnh nhân ung thư,https://icdn.dantri.com.vn/zoom/480_320/filters:quality(0)/2020/01/14/ungthu-3-docx-1578961340042.jpeg
Phát hiện “thần dược” có thể quét sạch ung thư cổ tử cung,https://icdn.dantri.com.vn/zoom/480_320/filters:quality(0)/2020/04/05/ungthu-1-docx-1586064060920.jpeg
"Trẻ hóa bệnh người già: Mới 9, 10 tuổi đã tắc ruột vì ung thư đại trực tràng",https://icdn.dantri.com.vn/zoom/480_320/filters:quality(0)/2020/09/09/begai-12-tuoimacungthudaitructrangbaodongbenhngaycangtrehoahinhanh-025473819-1599668364862.jpg
Trung Quốc phát triển mô hình dự đoán ung thư trực tràng,https://icdn.dantri.com.vn/zoom/480_320/filters:quality(0)/2020/09/09/jiss-20170049-fig-00215993948785651394690728-1599668144630.jpg
Đã mãn kinh đột nhiên xuất huyết âm đạo coi chừng ung thư,https://icdn.dantri.com.vn/zoom/480_320/filters:quality(0)/2020/09/10/ung-thu-2-1599717543653.jpg
Thuốc lá điện tử tăng nguy cơ ung thư phổi,https://icdn.dantri.com.vn/zoom/480_320/filters:quality(0)/2020/09/10/lunginjurywidetall-1599725634990.jpg
Mức độ hoạt động thể chất mỗi ngày để giảm nguy cơ ung thư đại tràng,https://icdn.dantri.com.vn/zoom/480_320/filters:quality(0)/2020/09/10/hoat-dong-the-chat-1599709946346.jpg
"Không có khối u để cắt bỏ, bác sĩ điều trị ung thư máu như thế nào?",https://icdn.dantri.com.vn/zoom/480_320/filters:quality(0)/2020/09/05/radiotherapyherohero-1599315639542.jpg
Đâu là loại ung thư dễ điều trị nhất?,https://icdn.dantri.com.vn/zoom/480_320/filters:quality(0)/2020/09/07/20191210130254454554-ungthuda-15278292-max-1800-x-1800-1599476973847.jpg
Ung thư vú ảnh hưởng thế nào tới sinh hoạt tình dục?,https://icdn.dantri.com.vn/zoom/480_320/filters:quality(0)/2019/10/13/chua-tri-tan-goc-te-bao-ung-thu-vudocx-1570955413075.jpeg
Nhà vệ sinh thông minh giúp phát hiện… bệnh ung thư và suy thận,https://icdn.dantri.com.vn/zoom/480_320/filters:quality(0)/2020/04/08/wcdocx-1586303951475.jpeg
Các nhà khoa học Nga thử nghiệm virus có thể tiêu diệt tế bào ung thư,https://icdn.dantri.com.vn/zoom/480_320/filters:quality(0)/2020/06/21/ungthudocx-1592700124561.jpeg
Những sự thật bố mẹ cần biết về ung thư ở trẻ em,https://icdn.dantri.com.vn/zoom/480_320/filters:quality(0)/2020/09/08/20200908111326-1599580421394.png
Tái tạo “biểu tượng nữ tính” cho bệnh nhân ung thư,https://icdn.dantri.com.vn/zoom/480_320/filters:quality(0)/2020/09/08/phau-thuat-tai-tao-vu-sau-dieu-tri-ung-thu-1599530794306.jpg
Các nhà khoa học đã tạo ra một loại thuốc tiêu diệt tế bào ung thư vú,https://icdn.dantri.com.vn/zoom/480_320/filters:quality(0)/2020/07/20/ung-thu-vu-1595243771429.jpg
4 thói quen giúp tránh xa loại ung thư phổ biến ở người Việt,https://icdn.dantri.com.vn/zoom/480_320/filters:quality(0)/2020/09/07/whatisagrain-1599474908864.jpg
Phát hiện được các khối u ung thư có khả năng tự bảo vệ mạnh mẽ chống virus,https://icdn.dantri.com.vn/zoom/480_320/filters:quality(0)/2020/06/02/ung-thu-1591062586505.jpg
Các hạt nano tấn công điểm yếu của tiêu thể tế bào ung thư,https://icdn.dantri.com.vn/zoom/480_320/filters:quality(0)/2020/07/23/cac-hat-nano-tan-cong-diem-yeu-cua-tieu-the-te-bao-ung-thudocx-1595462051160.jpeg
Điều chế được loại thuốc mới chống ung thư?,https://icdn.dantri.com.vn/zoom/480_320/filters:quality(0)/2020/09/08/ung-thu-1599523181358.jpg
2 loại dưỡng chất giúp phòng ngừa hiệu quả ung thư tuyến tụy,https://icdn.dantri.com.vn/zoom/480_320/filters:quality(0)/2020/09/07/20190718073549261651-vitaminb-61-max-800-x-800-1599478971517.jpg
4 dấu hiệu cảnh báo khối u di căn não cần lưu ý,https://icdn.dantri.com.vn/zoom/480_320/filters:quality(0)/2020/09/06/getty-images-862018330-1599387574191.jpg
"Ung thư đại tràng, nói 1.000 lần ""ăn nhiều rau ít thịt"" vẫn không thừa",https://icdn.dantri.com.vn/zoom/480_320/filters:quality(0)/2019/11/12/4-trieu-chung-tren-co-the-canh-bao-ung-thu-dai-trang-ghe-tham-4-1573542985127.jpg
"Thay đổi nhỏ trong lối sống, biến chuyển lớn trong dự phòng ung thư",https://icdn.dantri.com.vn/zoom/480_320/filters:quality(0)/2020/09/13/bon-bat-thuong-sau-bua-an-canh-bao-ung-thu-da-day-2-1600009646658.jpg
Những điều cần biết về ghép tế bào gốc điều trị ung thư máu,https://icdn.dantri.com.vn/zoom/480_320/filters:quality(0)/2017/te-bao-goc-1-1494303334949.jpg
"Có những bất thường này ở da bao quy đầu, nam giới nên đi khám",https://icdn.dantri.com.vn/zoom/480_320/filters:quality(0)/2020/09/06/hepbaoquydau-1599404229820.jpg
3 bệnh ung thư hàng đầu ở nữ giới: Chữa khỏi nếu phát hiện sớm,https://icdn.dantri.com.vn/zoom/480_320/filters:quality(0)/2020/02/27/ungthucotucung-1582814645423.jpg
"Xét nghiệm máu giúp phát hiện ""mầm mống"" ung thư như thế nào?",https://icdn.dantri.com.vn/zoom/480_320/filters:quality(0)/2020/09/05/bloodtests-1594460972830-1599318454585.jpg
Mang thai sau khi bị ung thư vú có làm tăng tỉ lệ tái phát bệnh?,https://icdn.dantri.com.vn/zoom/480_320/filters:quality(0)/2020/09/05/mang-thai-va-sinh-con-sau-khi-bi-ung-thu-vu-co-lam-tang-ti-le-tai-phat-ung-thu-vudocx-1599319139825.jpeg
Mổ cắt u trong tư thế “nửa nằm nửa ngồi” cho người đàn ông chỉ nặng 36kg,https://icdn.dantri.com.vn/zoom/480_320/filters:quality(0)/2020/09/06/20200824114146-ok-1599360463664.jpg
Đèn đường ánh sáng xanh có thể làm tăng nguy cơ… ung thư đại tràng,https://icdn.dantri.com.vn/zoom/480_320/filters:quality(0)/2020/08/02/ungthu-2-docx-1596325320688.jpeg
